symbol,pnl,ret_pct,exit_reason,r72_pct,r24_pct,r6_pct,vr,regime,sig,entry_price,qty,ret_1h,ret_2h,ret_3h,ret_4h,mfe_1h,mfe_4h,mae_1h,mae_4h,high_1h,high_4h,low_below_entry_1h,low_below_entry_3h
TIA/USDT,40.14,0.28,pump_stagnation_exit,28.0,33.0,14.0,2.3,WARM,early,15.604498,3205.81,5.61,0.89,-0.69,-0.04,7.75,7.75,-1.81,-2.27,True,True,True,True
POWR/USDT,-13977.37,-30.81,pump_initial_stop,79.0,41.0,17.0,1.7,WARM,confirmed,1.111355,40594.08,-30.84,-30.84,-30.84,-30.84,8.88,8.88,-34.05,-34.05,True,True,True,True
GMT/USDT,-2450.49,-4.7,pump_time_exit,34.0,48.0,21.0,5.5,WARM,early,0.406203,123202.14,2.81,2.19,0.64,-2.59,3.22,8.32,-1.45,-3.99,True,True,True,True
RIF/USDT,1144.45,2.94,pump_stagnation_exit,23.0,24.0,17.0,2.9,WARM,early,0.154577,270589.92,4.87,3.25,4.41,3.44,5.13,7.65,-1.6,-1.6,True,True,True,True
ARK/USDT,2690.47,6.55,pump_stagnation_exit,11.0,22.0,14.0,28.4,WARM,early,0.835417,50752.54,2.01,-0.61,-3.88,-1.65,4.14,4.14,-0.54,-6.15,True,True,True,True
LPT/USDT,-2719.01,-5.87,pump_3h_down,31.0,26.0,20.0,7.9,WARM,early,9.174585,4884.03,-4.19,-4.63,-5.94,-5.94,0.39,0.39,-4.85,-6.48,True,True,True,True
AUCTION/USDT,-540.25,-1.08,pump_time_exit,-3.0,21.0,22.0,5.7,WARM,early,21.420705,1972.32,7.28,15.64,13.07,10.55,9.05,17.88,-0.52,-0.52,True,True,True,True
SYN/USDT,-1267.34,-2.31,pump_3h_down,61.0,42.0,12.0,1.9,WARM,early,0.714557,70726.36,4.69,-0.22,-4.82,-0.37,6.32,6.32,-0.5,-7.64,True,True,True,True
UMA/USDT,-235.77,-0.82,pump_3h_down,187.0,35.0,18.0,1.7,WARM,confirmed,5.840919,3965.71,3.99,-0.44,-0.72,-0.79,5.29,7.21,-4.3,-4.3,True,True,True,True
CTSI/USDT,-1128.82,-2.53,pump_time_exit,25.0,36.0,34.0,91.6,WARM,early,0.246623,167717.73,17.87,19.41,16.57,18.2,29.75,29.75,-0.17,-0.17,True,True,True,True
LSK/USDT,10728.24,26.52,pump_breakeven,5.0,18.0,15.0,5.0,WARM,early,1.122561,36344.04,-4.86,26.59,26.59,26.59,0.22,31.84,-6.11,-6.11,True,True,True,True
LSK/USDT,-142.23,-0.27,pump_time_exit,13.0,25.0,20.0,77.8,WARM,early,1.197599,25452.71,-1.22,3.96,-0.88,2.71,2.04,7.55,-3.56,-3.56,True,True,True,True
TRB/USDT,-981.97,-1.93,pump_3h_down,16.0,19.0,16.0,6.0,WARM,early,121.64079,378.94,0.98,-1.54,-1.46,-1.67,2.64,2.64,-1.46,-2.66,True,True,True,True
MAV/USDT,1911.83,4.38,pump_stagnation_exit,16.0,20.0,16.0,4.9,HOT,early,0.628514,72767.36,0.01,0.35,1.72,2.88,1.65,3.42,-1.2,-1.2,True,True,True,True
API3/USDT,-2161.08,-4.45,pump_3h_down,62.0,18.0,12.0,1.6,WARM,confirmed,3.357678,13866.49,-1.27,-2.28,-4.4,-4.4,0.66,0.66,-1.9,-4.58,True,True,True,True
CKB/USDT,-1599.42,-3.32,pump_3h_down,30.0,28.0,27.0,121.8,WARM,early,0.00419,10853724.69,0.07,1.91,0.45,4.48,1.53,7.56,-2.32,-2.32,True,True,True,True
DIA/USDT,-3797.06,-8.31,pump_3h_down,23.0,31.0,19.0,3.2,WARM,early,0.494447,90359.55,-3.0,-6.28,-8.28,-8.28,0.05,0.05,-6.74,-8.73,True,True,True,True
BTTC/USDT,-3846.3,-7.3,pump_stagnation_exit,39.0,42.0,41.0,30.6,WARM,early,1e-06,46223952703.95,-2.75,-2.75,-5.45,-5.45,2.65,2.65,-4.55,-9.05,True,True,True,True
COTI/USDT,-224.04,-0.26,pump_stagnation_exit,62.0,49.0,21.0,11.6,WARM,early,0.101671,482196.51,1.33,5.05,2.85,2.19,6.23,7.41,-0.72,-0.72,True,True,True,True
REQ/USDT,-1803.34,-4.23,pump_3h_down,26.0,24.0,22.0,54.4,WARM,early,0.104052,391557.58,-5.24,-1.68,-3.41,-4.28,0.14,0.62,-5.62,-6.1,True,True,True,True
REQ/USDT,-4649.32,-9.53,pump_initial_stop,37.0,33.0,15.0,2.0,WARM,early,0.113357,421750.95,-7.9,-9.49,-9.49,-9.49,0.04,0.04,-8.7,-11.08,True,True,True,True
SCRT/USDT,-1721.45,-4.39,pump_stagnation_exit,27.0,25.0,23.0,54.2,WARM,early,0.484242,77470.37,-1.83,1.71,0.16,0.59,2.1,5.01,-2.4,-2.4,True,True,True,True
PROM/USDT,-2607.03,-9.8,pump_3h_down,85.0,79.0,75.0,188.6,WARM,early,13.316655,1960.19,-6.49,-6.64,-2.97,4.74,2.27,7.38,-9.05,-10.19,True,True,True,True
CKB/USDT,26075.04,59.54,pump_trailing_stop,47.0,56.0,17.0,7.3,WARM,early,0.007327,6003266.09,2.48,0.21,1.34,5.51,3.73,6.6,-2.17,-2.17,True,True,True,True
API3/USDT,-1293.15,-2.03,pump_3h_down,48.0,31.0,20.0,7.3,WARM,early,4.715357,12315.45,-0.52,-1.68,-2.0,-2.0,2.37,2.37,-1.3,-3.59,True,True,True,True
RIF/USDT,-3854.29,-6.5,pump_initial_stop,74.0,59.0,49.0,14.6,WARM,early,0.24032,239434.06,-7.25,-8.25,-6.46,-6.46,1.2,1.2,-8.79,-11.37,True,True,True,True
CKB/USDT,-666.19,-2.1,pump_stagnation_exit,203.0,62.0,27.0,2.0,WARM,early,0.014312,2028050.98,1.51,3.63,-5.14,-5.33,3.97,6.78,-3.1,-10.98,True,True,True,True
VTHO/USDT,-2200.16,-8.92,pump_profit_protect,124.0,96.0,58.0,5.6,WARM,early,0.005801,4162030.81,16.14,9.76,9.79,6.55,21.88,21.88,-0.46,-2.33,True,True,True,True
USTC/USDT,-521.79,-0.76,pump_time_exit,37.0,30.0,15.0,12.9,WARM,early,0.034775,1569590.99,7.34,7.44,6.76,10.08,11.58,12.15,-2.21,-2.21,True,True,True,True
WLD/USDT,30618.97,58.09,pump_trailing_stop,49.0,28.0,14.0,3.3,WARM,early,3.955977,13384.26,-3.66,-6.24,-3.13,-1.31,0.23,0.23,-4.78,-6.85,True,True,True,True
WLD/USDT,-3065.87,-7.18,pump_3h_down,103.0,32.0,19.0,1.9,WARM,early,6.300148,6604.33,-3.13,-4.78,-7.11,-7.11,0.32,0.32,-5.46,-8.53,True,True,True,True
CVX/USDT,-244.89,-0.22,pump_stagnation_exit,19.0,19.0,13.0,10.0,WARM,early,4.272135,13756.16,-1.34,-0.73,-0.52,3.84,7.35,7.35,-2.62,-2.62,True,True,True,True
FLUX/USDT,-3432.5,-5.75,pump_3h_down,33.0,31.0,17.0,4.4,WARM,early,0.931165,62055.7,-4.21,-4.35,-5.7,-5.7,1.67,1.67,-4.9,-7.06,True,True,True,True
GRT/USDT,-2194.94,-3.07,pump_stagnation_exit,44.0,26.0,10.0,2.0,WARM,early,0.269635,249524.27,-2.24,-3.17,-1.31,-1.27,0.54,0.54,-3.46,-4.32,True,True,True,True
WLD/USDT,-91.02,-0.03,pump_time_exit,93.0,42.0,20.0,1.7,WARM,confirmed,7.349673,5339.95,2.97,-1.4,2.7,1.6,3.84,4.41,-2.72,-2.72,True,True,True,True
AMP/USDT,-1513.91,-3.97,pump_time_exit,34.0,31.0,18.0,5.1,WARM,early,0.005299,6863297.71,-0.92,2.44,0.93,-2.3,1.59,7.54,-3.28,-3.28,True,True,True,True
SPELL/USDT,-1736.21,-2.44,pump_time_exit,39.0,45.0,42.0,34.3,WARM,early,0.00086,76661482.07,14.88,4.31,10.51,17.25,25.56,26.64,-0.32,-0.32,True,True,True,True
JASMY/USDT,918.38,1.93,pump_stagnation_exit,14.0,24.0,29.0,2.4,WARM,early,0.016436,3242692.29,-2.31,-2.56,0.22,-1.98,1.29,3.58,-5.96,-5.96,True,True,True,True
GLM/USDT,-942.94,-1.52,pump_stagnation_exit,7.0,18.0,12.0,7.8,WARM,early,0.38019,144359.87,-0.23,2.95,0.13,1.55,0.77,7.29,-1.58,-1.58,True,True,True,True
PIXEL/USDT,-4512.36,-7.84,pump_3h_down,18.0,22.0,13.0,2.6,WARM,early,0.637819,88066.0,-5.9,-5.95,-7.81,-7.81,-0.05,-0.05,-6.01,-9.82,False,False,True,True
THETA/USDT,-1503.67,-2.03,pump_stagnation_exit,44.0,27.0,24.0,3.0,WARM,early,1.710855,39486.64,-4.9,-4.84,-3.26,-1.28,1.41,1.41,-6.13,-6.13,True,True,True,True
PEPE/USDT,39389.76,60.34,pump_trailing_stop,69.0,46.0,16.0,3.5,WARM,early,2e-06,32765127225.74,4.45,4.95,5.95,5.45,15.44,15.44,-1.05,-1.05,True,True,True,True
PEPE/USDT,-2533.43,-6.95,pump_3h_down,149.0,47.0,14.0,2.6,WARM,early,3e-06,11048545796.47,-5.34,-5.65,0.57,-1.3,0.57,5.24,-10.95,-13.44,True,True,True,True
PEOPLE/USDT,-165.06,0.01,pump_profit_protect,55.0,36.0,38.0,9.8,WARM,early,0.045233,1925880.86,0.13,2.6,2.98,5.99,2.96,8.66,-1.55,-1.55,True,True,True,True
PEPE/USDT,2716.53,3.5,pump_stagnation_exit,71.0,43.0,31.0,4.7,WARM,early,4e-06,19786049389.32,-2.21,-1.25,0.67,-1.25,1.15,3.55,-5.58,-5.58,True,True,True,True
FLOKI/USDT,48061.7,67.99,pump_trailing_stop,67.0,66.0,19.0,5.1,WARM,early,9.2e-05,774791478.3,-1.04,-0.03,0.52,4.78,2.17,7.54,-6.43,-6.43,True,True,True,True
BONK/USDT,1420.04,1.42,pump_breakeven,60.0,57.0,11.0,2.0,WARM,early,3.4e-05,3405787830.39,3.7,0.54,-4.71,-1.99,6.72,6.72,-0.99,-8.38,True,True,True,True
COTI/USDT,-2857.58,-8.72,pump_time_exit,94.0,52.0,40.0,2.8,WARM,early,0.1797,178536.24,-0.29,5.54,3.73,7.12,4.43,10.18,-4.06,-4.06,True,True,True,True
RSR/USDT,-752.53,-0.47,pump_time_exit,41.0,48.0,16.0,4.2,WARM,early,0.005902,18972700.18,6.57,11.45,10.98,11.17,13.18,14.81,-0.07,-0.07,True,True,True,True
ANKR/USDT,-944.4,-0.96,pump_stagnation_exit,24.0,29.0,16.0,14.9,WARM,early,0.051266,1592419.26,-0.69,-5.2,-4.75,-6.19,1.24,1.24,-3.91,-7.56,True,True,True,True
RAY/USDT,-5628.74,-5.86,pump_3h_down,29.0,27.0,16.0,3.3,WARM,early,1.489945,62376.02,-0.28,6.98,3.27,2.37,0.8,11.26,-4.47,-4.47,True,True,True,True
ACH/USDT,-6255.69,-6.65,pump_3h_down,20.0,24.0,15.0,8.2,WARM,early,0.035108,2604563.15,-2.56,-3.3,-2.7,-3.95,0.55,0.55,-2.67,-4.69,True,True,True,True
SANTOS/USDT,-2663.38,-2.88,pump_profit_protect,25.0,24.0,24.0,8.6,WARM,early,8.373184,10332.89,5.75,6.45,-0.64,1.56,17.7,17.7,-0.36,-1.65,True,True,True,True
WLD/USDT,205.12,0.4,pump_stagnation_exit,57.0,43.0,16.0,3.4,WARM,early,10.573284,9668.16,0.5,1.95,-2.11,-1.27,1.26,3.2,-2.75,-4.84,True,True,True,True
IQ/USDT,28581.43,28.15,pump_breakeven,57.0,58.0,21.0,2.4,WARM,early,0.014829,6901645.22,-3.97,-1.34,28.12,28.12,3.85,32.51,-4.45,-8.3,True,True,True,True
POWR/USDT,-9776.73,-9.63,pump_3h_down,27.0,24.0,19.0,14.5,WARM,early,0.489945,203262.27,6.89,0.38,-0.32,-4.99,7.71,7.71,-1.03,-5.38,True,True,True,True
AMP/USDT,64654.27,71.88,pump_trailing_stop,77.0,79.0,40.0,5.6,WARM,early,0.009112,9908945.19,3.11,22.53,71.97,71.97,3.11,166.58,-5.58,-5.58,True,True,True,True
GLMR/USDT,-783.38,-0.61,pump_time_exit,26.0,22.0,12.0,2.4,WARM,early,0.629815,154095.92,4.73,3.6,5.08,5.76,9.56,12.16,-2.42,-2.42,True,True,True,True
SSV/USDT,-929.19,-0.53,pump_time_exit,35.0,25.0,23.0,2.6,WARM,early,50.635305,2501.18,1.61,3.09,3.27,6.53,4.61,7.14,-1.27,-1.27,True,True,True,True
RAY/USDT,-9356.41,-14.5,pump_3h_down,94.0,87.0,40.0,3.7,HOT,early,2.626913,24251.38,-4.09,-3.88,-6.08,-14.52,1.58,1.58,-6.42,-17.48,True,True,True,True
FIDA/USDT,-12538.4,-10.39,pump_3h_down,26.0,41.0,16.0,3.1,HOT,early,0.686843,172578.03,-5.36,-3.03,-5.77,-10.36,2.21,2.21,-6.97,-12.13,True,True,True,True
PHA/USDT,-5506.41,-6.84,pump_3h_down,47.0,52.0,14.0,3.8,WARM,early,0.305453,256290.65,0.7,-0.97,-1.65,0.28,6.4,6.4,-0.74,-2.67,True,True,True,True
RLC/USDT,-3313.79,-2.67,pump_stagnation_exit,2.0,20.0,16.0,7.3,WARM,early,4.157078,27775.85,-0.12,-0.99,1.32,1.2,0.84,2.45,-1.28,-1.28,True,True,True,True
JOE/USDT,-4025.19,-2.83,pump_time_exit,46.0,29.0,17.0,1.9,WARM,early,1.08014,123115.07,-4.68,-1.3,-1.2,2.06,0.67,6.47,-4.92,-5.83,True,True,True,True
STX/USDT,-858.18,-0.59,pump_stagnation_exit,22.0,23.0,13.0,2.0,HOT,early,3.390394,32091.93,1.51,0.04,0.83,1.14,4.65,4.65,-0.82,-1.17,True,True,True,True
POLYX/USDT,46192.09,46.87,pump_trailing_stop,29.0,45.0,11.0,1.9,HOT,early,0.298349,332089.83,0.45,9.0,14.33,17.98,1.86,29.04,-0.75,-2.09,True,True,True,True
CVC/USDT,-3064.18,-2.96,pump_initial_stop,108.0,89.0,80.0,60.3,WARM,early,0.293046,330687.09,-2.95,-2.95,-2.95,-2.95,1.62,1.62,-10.08,-10.08,True,True,True,True
CVC/USDT,-4479.02,-4.74,pump_3h_down,99.0,82.0,75.0,76.6,WARM,early,0.284642,319161.88,-2.51,-2.76,-4.79,-4.79,0.09,0.09,-5.14,-7.57,True,True,True,True
CVC/USDT,-1082.38,-1.28,pump_profit_protect,91.0,71.0,57.0,60.6,WARM,early,0.271436,269980.55,4.48,4.41,9.53,12.11,7.94,21.21,-1.12,-1.12,True,True,True,True
TFUEL/USDT,-3958.8,-4.9,pump_3h_down,23.0,27.0,23.0,164.1,WARM,early,0.104842,741789.15,-3.8,-1.9,-3.28,-4.86,5.9,5.9,-5.38,-7.38,True,True,True,True
XEC/USDT,-1324.27,-0.81,pump_time_exit,26.0,25.0,16.0,5.9,HOT,early,6.1e-05,2166093437.53,-2.14,7.07,6.72,8.14,0.03,11.53,-3.74,-3.74,True,True,True,True
PENDLE/USDT,-3498.71,-2.61,pump_time_exit,8.0,19.0,13.0,2.5,WARM,early,5.736867,21706.06,6.17,12.67,11.86,9.23,6.26,16.27,-0.07,-0.07,True,True,True,True
VIC/USDT,-7482.52,-5.99,pump_3h_down,18.0,21.0,14.0,19.2,WARM,early,1.091546,110890.67,-2.98,-5.77,-4.7,-5.42,0.59,0.59,-3.5,-7.0,True,True,True,True
CKB/USDT,66923.07,56.09,pump_trailing_stop,23.0,23.0,14.0,3.7,WARM,early,0.02172,5518716.44,-1.17,1.99,4.91,5.53,1.35,6.81,-1.82,-1.82,True,True,True,True
ONG/USDT,-4386.62,-2.68,pump_3h_down,-3.0,46.0,18.0,2.1,WARM,early,0.542571,281086.99,-5.04,-2.81,-1.65,-0.62,1.65,1.65,-5.45,-5.86,True,True,True,True
NEO/USDT,-8558.14,-5.47,pump_3h_down,-0.0,27.0,14.0,2.4,WARM,early,22.721355,6653.3,-1.94,-0.93,-4.36,-5.42,0.13,2.06,-2.38,-5.95,True,True,True,True
LPT/USDT,198.69,0.34,pump_stagnation_exit,9.0,19.0,17.0,3.3,HOT,early,13.28564,10991.87,-2.09,-0.68,4.59,5.47,0.41,7.64,-2.72,-4.33,True,True,True,True
ONG/USDT,-9710.43,-6.45,pump_initial_stop,33.0,35.0,12.0,2.0,WARM,early,0.649925,224846.74,-2.08,-6.44,-6.24,-6.24,1.55,1.55,-2.2,-10.9,True,True,True,True
ONT/USDT,6736.48,4.87,pump_stagnation_exit,20.0,29.0,17.0,3.8,WARM,early,0.372386,388143.13,-4.75,-2.74,-2.49,1.91,1.78,5.56,-4.96,-9.99,True,True,True,True
JTO/USDT,983.62,0.77,pump_stagnation_exit,35.0,30.0,17.0,2.4,HOT,early,3.549074,48907.1,0.27,0.1,0.83,-2.32,1.83,2.37,-1.15,-2.41,True,True,True,True
PUNDIX/USDT,-8997.79,-4.97,pump_3h_down,42.0,40.0,16.0,6.0,WARM,early,0.763281,228179.75,-3.18,-4.62,-4.91,-4.91,0.0,0.0,-3.67,-6.98,True,True,True,True
1000SATS/USDT,-1346.69,-0.6,pump_time_exit,37.0,23.0,21.0,4.5,WARM,early,0.000341,495242678.99,3.62,7.73,6.76,9.9,5.7,11.22,-0.05,-0.05,True,True,True,True
HBAR/USDT,-13464.56,-17.44,pump_initial_stop,98.0,98.0,19.0,6.0,WARM,early,0.176988,431768.63,-17.4,-17.4,-17.4,-17.4,0.97,0.97,-18.64,-18.64,True,True,True,True
BONK/USDT,2088.38,1.69,pump_stagnation_exit,30.0,36.0,12.0,2.7,WARM,early,2.7e-05,5126164743.45,-2.8,-2.69,-2.87,-2.06,0.39,0.39,-3.2,-5.73,True,True,True,True
T/USDT,-9843.5,-7.14,pump_3h_down,21.0,26.0,17.0,2.5,WARM,early,0.042461,3162227.69,-1.32,-5.3,-7.04,-7.04,0.92,0.92,-2.38,-8.06,True,True,True,True
ETHFI/USDT,-3196.05,-2.27,pump_3h_down,21.0,31.0,15.0,5.4,WARM,early,4.415207,29295.99,-0.39,-0.77,-2.22,-2.22,1.92,1.92,-2.34,-3.4,True,True,True,True
PROM/USDT,-6424.95,-4.89,pump_stagnation_exit,16.0,20.0,13.0,43.9,WARM,early,10.736365,11758.25,0.2,-3.39,0.59,-2.32,2.69,2.69,-1.2,-5.04,True,True,True,True
TRB/USDT,74014.77,58.2,pump_trailing_stop,10.0,33.0,24.0,7.2,WARM,early,60.180075,2122.78,4.37,19.04,19.59,22.05,6.83,24.29,-0.35,-0.35,True,True,True,True
ASR/USDT,-11877.48,-7.16,pump_3h_down,21.0,33.0,33.0,76.2,WARM,early,4.276137,37781.96,-6.15,-5.12,-6.81,-7.11,0.32,0.32,-7.11,-8.96,True,True,True,True
LPT/USDT,-15542.55,-9.8,pump_3h_down,27.0,32.0,15.0,2.3,WARM,early,19.675833,7909.15,-4.59,-8.7,-9.82,-9.82,2.65,2.65,-4.81,-10.41,True,True,True,True
QI/USDT,16538.67,11.56,pump_profit_protect,12.0,23.0,14.0,13.0,WARM,early,0.017909,8134441.86,-3.07,11.51,11.51,11.51,1.85,20.55,-4.63,-4.63,True,True,True,True
GMX/USDT,-10976.57,-7.19,pump_3h_down,24.0,22.0,15.0,10.0,WARM,early,31.17558,4772.08,4.38,0.27,-1.53,-4.16,10.31,10.31,-0.05,-4.35,True,True,True,True
PEOPLE/USDT,-2850.17,-1.38,pump_time_exit,52.0,29.0,22.0,3.8,WARM,early,0.046133,3918051.11,9.49,6.84,7.65,10.59,11.01,14.73,-0.57,-0.57,True,True,True,True
RSR/USDT,498.68,0.48,pump_stagnation_exit,44.0,22.0,12.0,3.9,WARM,early,0.008459,21165137.3,-2.47,-2.99,-1.5,-0.0,1.52,1.55,-3.57,-4.4,True,True,True,True
RSR/USDT,-6836.47,-4.38,pump_3h_down,35.0,20.0,15.0,2.0,WARM,early,0.009951,15018637.78,2.54,-2.55,-0.69,-3.06,4.51,4.51,-1.4,-4.76,True,True,True,True
PENDLE/USDT,2888.41,2.14,pump_stagnation_exit,24.0,26.0,11.0,2.3,HOT,early,5.927962,25111.01,1.32,1.81,0.98,1.59,2.63,3.54,-1.94,-1.94,True,True,True,True
ATM/USDT,-2305.44,-1.46,pump_time_exit,15.0,18.0,15.0,94.0,WARM,early,3.457728,40236.33,-1.29,-2.8,-0.14,-1.64,2.61,2.61,-1.67,-3.2,True,True,True,True
ENS/USDT,9683.22,6.77,pump_breakeven,34.0,39.0,12.0,6.2,WARM,early,20.360175,7243.31,1.72,3.49,3.68,1.67,2.9,8.0,-0.3,-0.3,True,True,True,True
SYN/USDT,-3418.29,-2.06,pump_profit_protect,19.0,33.0,16.0,7.2,WARM,early,0.727964,207655.62,8.34,0.83,-1.99,-1.99,16.1,16.1,-1.97,-3.15,True,True,True,True
INJ/USDT,-9047.2,-5.86,pump_3h_down,18.0,22.0,14.0,3.1,HOT,early,32.626305,4580.84,-1.49,-1.83,-5.81,-5.81,-0.05,-0.05,-2.72,-6.15,False,False,True,True
LPT/USDT,-3618.27,-2.24,pump_stagnation_exit,16.0,26.0,18.0,3.7,WARM,early,25.562775,5800.1,2.69,-1.21,-5.86,-2.83,3.0,3.06,-1.34,-7.46,True,True,True,True
ONG/USDT,-5265.51,-3.48,pump_3h_down,7.0,21.0,17.0,25.3,WARM,early,0.354577,403635.3,-0.61,-1.38,-0.67,-2.48,1.05,1.05,-1.91,-3.27,True,True,True,True
FET/USDT,-2335.02,-1.46,pump_3h_down,7.0,20.0,15.0,2.5,WARM,early,1.685843,83332.7,0.31,1.02,-1.3,-0.47,1.73,1.73,-2.07,-2.3,True,True,True,True
ENS/USDT,-3845.52,-2.56,pump_stagnation_exit,18.0,27.0,14.0,3.3,HOT,early,32.466225,4291.16,0.57,1.15,0.54,0.66,1.4,1.4,-1.16,-1.16,True,True,True,True
AXL/USDT,-832.86,-0.41,pump_time_exit,0.0,25.0,20.0,4.0,WARM,early,0.619309,221850.28,1.26,2.05,-0.37,3.41,3.32,3.95,-1.79,-1.79,True,True,True,True
MOVR/USDT,-9525.09,-6.76,pump_3h_down,24.0,19.0,14.0,10.8,WARM,early,11.52476,11885.48,-3.49,-6.62,-6.68,-6.68,1.28,1.28,-6.31,-8.28,True,True,True,True
VIC/USDT,-6379.94,-4.63,pump_3h_down,29.0,20.0,13.0,55.2,WARM,early,0.381691,346386.23,-2.59,-2.96,-2.07,-4.14,1.5,1.5,-2.96,-4.9,True,True,True,True
1000SATS/USDT,2918.35,2.44,pump_stagnation_exit,13.0,22.0,20.0,3.9,WARM,early,0.000248,526098590.57,2.41,0.51,2.37,2.89,2.85,7.98,-1.3,-1.3,True,True,True,True
WLD/USDT,634.11,0.69,pump_stagnation_exit,28.0,26.0,16.0,5.7,HOT,early,2.287143,57049.67,-1.49,2.14,2.18,1.22,0.91,4.45,-1.8,-1.8,True,True,True,True
PEPE/USDT,-9527.41,-5.88,pump_3h_down,40.0,26.0,14.0,2.0,WARM,early,1.2e-05,12775173396.09,0.28,-3.71,-5.34,-5.91,2.23,2.23,-1.43,-6.32,True,True,True,True
WLD/USDT,-1893.17,-1.05,pump_time_exit,44.0,33.0,21.0,3.4,WARM,early,2.622311,57673.67,1.21,7.69,6.05,6.55,5.78,9.9,-0.7,-0.7,True,True,True,True
BONK/USDT,-2780.29,-2.02,pump_stagnation_exit,12.0,21.0,15.0,3.9,WARM,early,3.2e-05,3948904585.04,0.23,-0.21,-1.0,-0.43,0.71,2.03,-1.53,-1.79,True,True,True,True
ZRO/USDT,-911.88,-0.54,pump_time_exit,17.0,23.0,16.0,5.0,WARM,early,4.794396,25799.7,0.51,0.6,7.94,7.0,1.08,8.88,-1.84,-1.84,True,True,True,True
CFX/USDT,2103.39,1.91,pump_stagnation_exit,8.0,19.0,11.0,2.9,HOT,early,0.169185,728422.45,0.42,2.08,1.96,4.15,0.66,4.32,-0.4,-0.4,True,True,True,True
PUNDIX/USDT,-2529.93,-1.84,pump_3h_down,20.0,22.0,14.0,2.3,WARM,early,0.494747,251219.28,3.47,-0.41,0.13,-0.41,4.21,4.21,-1.99,-1.99,True,True,True,True
BOME/USDT,2835.18,2.51,pump_stagnation_exit,22.0,21.0,12.0,2.8,WARM,early,0.010198,12063471.88,1.49,1.55,3.64,2.59,2.52,3.97,-0.46,-0.46,True,True,True,True
PENDLE/USDT,-554.51,-0.25,pump_time_exit,-8.0,34.0,20.0,2.5,WARM,early,2.740369,45410.94,-1.69,1.56,1.19,1.04,2.07,11.3,-3.95,-4.14,True,True,True,True
WIF/USDT,-7599.04,-5.93,pump_stagnation_exit,11.0,28.0,17.0,2.7,WARM,early,1.749874,70956.72,-0.28,-0.28,-1.25,0.06,0.92,1.26,-0.96,-2.51,True,True,True,True
QKC/USDT,4561.63,3.36,pump_stagnation_exit,38.0,31.0,28.0,49.1,HOT,early,0.00846,17072438.38,1.24,2.46,3.07,2.59,4.62,7.31,-0.22,-0.3,True,True,True,True
QKC/USDT,-7293.72,-8.0,pump_initial_stop,94.0,87.0,41.0,3.7,WARM,early,0.012355,7210205.62,-7.97,-7.97,-7.97,-7.97,0.36,0.36,-14.03,-14.03,True,True,True,True
RARE/USDT,-818.65,-2.59,pump_stagnation_exit,222.0,48.0,33.0,2.4,WARM,early,0.301551,97539.73,2.21,-6.58,-8.87,-5.52,2.9,2.9,-8.04,-11.13,True,True,True,True
SUN/USDT,47266.58,73.79,pump_trailing_stop,114.0,18.0,28.0,2.6,WARM,early,0.022131,2905296.6,0.22,0.94,11.02,11.83,3.29,16.35,-6.65,-6.65,True,True,True,True
SUN/USDT,-232.85,-0.02,pump_stagnation_exit,147.0,56.0,20.0,1.8,HOT,early,0.038499,2723925.11,-3.35,-5.3,-4.13,-5.71,6.76,6.76,-7.3,-7.3,True,True,True,True
SUI/USDT,-1017.02,-0.49,pump_time_exit,49.0,27.0,10.0,2.0,HOT,early,0.791295,185992.56,4.06,7.73,7.22,5.75,4.84,10.06,-0.57,-0.57,True,True,True,True
VIC/USDT,-11637.95,-9.19,pump_3h_down,23.0,32.0,12.0,3.9,WARM,early,0.447524,277220.23,-2.26,-6.24,-9.12,-9.12,0.13,0.13,-3.45,-9.97,True,True,True,True
CVC/USDT,989.9,0.93,pump_stagnation_exit,21.0,20.0,12.0,19.6,WARM,early,0.106753,1271956.84,-2.49,-4.55,-3.42,-4.27,0.14,0.14,-2.86,-5.67,True,True,True,True
RPL/USDT,-7561.0,-5.35,pump_3h_down,19.0,28.0,27.0,54.3,WARM,early,11.98599,11370.01,-0.72,-5.06,-3.39,-4.05,0.87,0.87,-1.8,-6.81,True,True,True,True
RARE/USDT,-7123.72,-5.18,pump_3h_down,20.0,19.0,12.0,2.8,WARM,early,0.167184,792532.87,-1.55,-2.5,-1.96,-2.8,1.86,1.86,-2.98,-3.4,True,True,True,True
PEOPLE/USDT,2588.97,2.17,pump_stagnation_exit,19.0,19.0,11.0,6.1,HOT,early,0.061581,2133910.96,1.51,1.85,1.1,1.85,2.22,4.45,-0.59,-0.59,True,True,True,True
CKB/USDT,1737.16,1.64,pump_stagnation_exit,57.0,55.0,28.0,9.1,WARM,early,0.013584,8866954.5,-4.25,-5.05,-2.18,-1.73,0.14,0.14,-6.15,-6.15,True,True,True,True
SAGA/USDT,-5879.26,-4.29,pump_3h_down,13.0,20.0,15.0,3.1,WARM,early,1.622511,80800.05,-1.87,-3.95,-4.22,-4.22,-0.04,-0.04,-1.97,-5.63,False,False,True,True
DYM/USDT,-3564.37,-2.58,pump_3h_down,14.0,22.0,22.0,6.1,WARM,early,1.649825,77679.69,-0.6,-3.38,-1.38,-1.44,2.13,2.13,-1.38,-4.11,True,True,True,True
CKB/USDT,-6006.85,-4.56,pump_3h_down,28.0,19.0,16.0,2.1,WARM,early,0.018587,6798989.39,4.52,4.23,-2.86,0.11,7.2,9.16,-0.19,-4.55,True,True,True,True
SAGA/USDT,-655.74,-0.33,pump_stagnation_exit,65.0,24.0,11.0,1.7,WARM,confirmed,2.413606,51114.33,-1.92,0.58,3.53,5.34,0.74,7.31,-5.4,-5.4,True,True,True,True
SEI/USDT,-5930.39,-4.66,pump_stagnation_exit,17.0,25.0,22.0,5.2,WARM,early,0.341871,357215.41,-1.4,-1.31,-1.54,-0.93,0.07,0.33,-1.69,-2.86,True,True,True,True
KAVA/USDT,-6503.91,-5.14,pump_3h_down,34.0,29.0,20.0,3.0,HOT,early,0.406603,299878.68,-0.49,-4.16,-5.07,-5.07,1.08,1.08,-5.29,-5.95,True,True,True,True
KAVA/USDT,-400.21,-0.15,pump_stagnation_exit,32.0,22.0,14.0,4.3,HOT,early,0.395598,288770.87,1.82,-0.58,-1.11,0.61,3.94,4.27,-0.05,-1.67,True,True,True,True
FIDA/USDT,1461.96,1.45,pump_breakeven,32.0,37.0,30.0,19.2,HOT,early,0.308954,378119.13,-4.32,5.68,30.21,33.45,2.25,42.74,-6.91,-6.91,True,True,True,True
CTK/USDT,-7766.51,-5.22,pump_3h_down,37.0,28.0,20.0,9.3,WARM,early,0.678939,211140.39,-1.18,-3.26,-5.23,-5.23,4.28,4.28,-3.35,-6.18,True,True,True,True
ARDR/USDT,-553.33,-0.51,pump_profit_protect,48.0,41.0,19.0,8.1,WARM,early,0.097849,798682.56,-0.92,-2.06,3.32,5.49,1.69,6.48,-2.74,-4.04,True,True,True,True
TAO/USDT,-5554.99,-4.71,pump_3h_down,34.0,23.0,18.0,4.5,WARM,early,565.58265,200.13,-0.85,-3.55,-2.31,-4.13,0.04,0.04,-3.06,-4.65,True,True,True,True
IQ/USDT,-10523.79,-9.34,pump_3h_down,31.0,29.0,23.0,28.0,WARM,early,0.007031,15704660.67,-1.43,3.21,0.48,-0.43,0.55,4.44,-3.39,-3.81,True,True,True,True
FIDA/USDT,-2977.66,-2.63,pump_3h_down,16.0,28.0,25.0,16.4,WARM,early,0.370685,283656.56,4.62,4.21,4.32,4.59,7.34,9.12,-2.07,-2.07,True,True,True,True
SEI/USDT,2529.0,2.64,pump_profit_protect,11.0,19.0,13.0,3.7,WARM,early,0.433717,238998.67,4.77,6.5,5.14,5.53,5.53,9.56,-0.6,-0.6,True,True,True,True
FTT/USDT,-8863.64,-8.26,pump_3h_down,21.0,30.0,23.0,6.5,WARM,early,2.534266,41401.67,0.46,-5.42,-5.97,-5.46,2.44,2.44,-2.93,-8.28,True,True,True,True
CVC/USDT,-1176.65,-0.97,pump_time_exit,28.0,24.0,12.0,4.3,WARM,early,0.16048,626175.86,2.82,3.31,3.38,4.81,4.12,5.93,-1.55,-1.55,True,True,True,True
ARKM/USDT,-1854.34,-1.66,pump_3h_down,8.0,19.0,13.0,6.1,WARM,early,1.53977,64879.98,-0.89,-0.7,-0.83,-1.67,0.4,0.4,-2.65,-2.65,True,True,True,True
ENA/USDT,4613.36,4.85,pump_stagnation_exit,19.0,20.0,18.0,3.7,WARM,early,0.325363,305515.53,5.61,2.16,3.82,3.61,6.19,6.19,-0.3,-0.3,True,True,True,True
APE/USDT,-2127.74,-3.26,pump_time_exit,100.0,90.0,13.0,4.2,WARM,early,1.389695,44234.9,10.67,13.12,6.43,10.02,24.49,24.49,-0.55,-0.55,True,True,True,True
AXL/USDT,-331.85,-0.13,pump_time_exit,16.0,23.0,13.0,11.0,WARM,early,0.718259,141008.22,3.19,8.26,8.22,7.93,3.29,9.79,-0.16,-0.16,True,True,True,True
CYBER/USDT,-3719.52,-3.52,pump_3h_down,25.0,19.0,13.0,6.4,WARM,early,3.359679,29779.63,1.94,-2.19,-1.69,-1.45,4.44,4.44,-2.58,-3.53,True,True,True,True
MASK/USDT,-5602.89,-5.46,pump_time_exit,26.0,25.0,22.0,13.4,HOT,early,2.892446,34280.88,4.72,0.68,-2.02,-4.2,8.04,8.04,-0.29,-4.96,True,True,True,True
SCR/USDT,-5413.01,-5.48,pump_stagnation_exit,4.0,25.0,17.0,6.5,WARM,early,0.687344,138775.54,-1.65,-1.07,0.24,-1.65,3.59,3.59,-2.23,-3.11,True,True,True,True
RARE/USDT,1705.39,2.01,pump_stagnation_exit,10.0,26.0,30.0,5.7,WARM,early,0.128164,737736.17,-2.47,-6.76,-5.75,-3.17,1.12,1.12,-3.33,-7.62,True,True,True,True
SUI/USDT,1567.87,1.88,pump_stagnation_exit,21.0,19.0,13.0,1.8,HOT,early,2.213106,42262.65,2.96,3.22,4.48,2.26,4.31,6.43,-0.93,-0.93,True,True,True,True
LDO/USDT,-577.19,-0.41,pump_time_exit,34.0,32.0,11.0,1.8,HOT,early,1.279639,73705.18,4.01,8.62,5.03,4.64,4.95,10.5,-0.44,-0.44,True,True,True,True
STG/USDT,-13293.1,-13.08,pump_initial_stop,59.0,51.0,48.0,129.4,WARM,early,0.422711,237016.25,-8.33,-13.06,-13.06,-13.06,0.23,0.23,-11.05,-14.69,True,True,True,True
RAY/USDT,-10929.88,-10.23,pump_3h_down,61.0,18.0,17.0,2.5,WARM,early,5.818908,18019.35,-0.38,3.04,-0.72,-7.3,-0.05,3.11,-2.8,-9.11,False,True,True,True
HMSTR/USDT,-3026.35,-8.4,pump_initial_stop,88.0,93.0,15.0,2.6,WARM,early,0.00491,7169540.94,-10.66,-8.28,-8.28,-8.28,0.07,0.07,-11.64,-16.4,True,True,True,True
HMSTR/USDT,-655.77,-1.83,pump_3h_down,106.0,121.0,16.0,1.8,WARM,confirmed,0.005707,5654987.68,-0.03,-0.72,-1.82,-1.82,4.79,4.79,-2.15,-4.82,True,True,True,True
CETUS/USDT,-2011.9,-1.89,pump_stagnation_exit,59.0,21.0,17.0,3.1,WARM,early,0.469735,205381.89,-3.65,-3.01,0.1,2.44,1.38,3.78,-6.59,-6.59,True,True,True,True
HMSTR/USDT,1407.45,3.95,pump_stagnation_exit,107.0,102.0,19.0,1.5,WARM,confirmed,0.005608,6707095.59,6.28,1.43,-1.24,2.98,7.85,7.85,-0.58,-4.37,True,True,True,True
AGLD/USDT,-1290.52,-1.43,pump_3h_down,17.0,20.0,11.0,3.9,HOT,early,1.579789,50203.91,2.67,2.86,3.24,4.06,6.53,6.6,-1.63,-1.63,True,True,True,True
TRB/USDT,-7197.67,-9.67,pump_initial_stop,70.0,72.0,52.0,21.1,HOT,early,94.2471,774.85,-6.43,-9.58,-9.58,-9.58,5.26,5.26,-11.94,-15.47,True,True,True,True
HIGH/USDT,-4945.55,-6.36,pump_3h_down,27.0,25.0,16.0,12.1,WARM,early,1.645822,45885.39,-3.57,-2.84,-3.63,-6.37,0.8,0.8,-6.92,-7.1,True,True,True,True
PIVX/USDT,-2279.25,-2.93,pump_stagnation_exit,23.0,19.0,12.0,80.9,HOT,early,0.247324,294816.09,1.0,-3.61,-6.76,-5.06,1.89,1.89,-2.48,-8.26,True,True,True,True
STX/USDT,-4386.58,-5.91,pump_3h_down,27.0,21.0,19.0,3.0,HOT,early,2.10005,34239.66,-0.76,-2.43,-5.91,-5.91,-0.0,-0.0,-4.1,-7.72,False,False,True,True
BTTC/USDT,-3672.37,-4.19,pump_3h_down,39.0,28.0,23.0,7.7,WARM,early,1e-06,68533539042.08,-4.15,-6.6,1.59,3.23,4.05,8.96,-5.78,-7.42,True,True,True,True
BONK/USDT,-2381.94,-2.73,pump_initial_stop,42.0,23.0,19.0,2.4,WARM,early,3.1e-05,2610888222.89,0.91,9.6,-0.95,-2.65,3.38,9.79,-1.68,-10.12,True,True,True,True
ALT/USDT,-5808.04,-8.52,pump_initial_stop,8.0,20.0,19.0,9.2,WARM,early,0.126323,527867.96,-8.46,-8.46,-8.46,-8.46,0.92,0.92,-11.66,-11.66,True,True,True,True
XVG/USDT,-7067.98,-11.16,pump_initial_stop,63.0,54.0,42.0,56.1,WARM,early,0.007354,8466380.63,-3.84,-2.4,-1.76,-11.08,2.22,6.11,-6.33,-13.68,True,True,True,True
DGB/USDT,-241.77,-0.22,pump_time_exit,23.0,20.0,16.0,42.4,WARM,early,0.008444,6847945.44,-0.29,5.4,5.63,3.15,2.2,10.13,-2.3,-2.3,True,True,True,True
FLOKI/USDT,-2145.42,-3.31,pump_3h_down,23.0,20.0,14.0,4.4,HOT,early,0.000253,241411950.47,6.63,5.26,4.8,4.03,8.62,8.62,-0.2,-0.2,True,True,True,True
LUNA/USDT,-9472.02,-13.18,pump_3h_down,48.0,45.0,41.0,51.6,HOT,early,0.530265,133623.4,-7.74,-6.46,-8.31,-13.08,1.93,1.93,-8.14,-15.38,True,True,True,True
TFUEL/USDT,-3159.11,-5.62,pump_3h_down,20.0,21.0,15.0,10.6,WARM,early,0.071126,763553.15,-3.62,-3.31,-6.63,-5.41,13.38,13.38,-5.29,-8.61,True,True,True,True
HBAR/USDT,-4606.03,-14.54,pump_3h_down,110.0,58.0,26.0,2.5,WARM,early,0.141221,221519.76,-9.01,-9.64,-14.5,-14.5,1.26,1.26,-9.34,-14.67,True,True,True,True
CATI/USDT,-1587.74,-2.31,pump_time_exit,53.0,34.0,27.0,3.1,WARM,early,0.614607,102949.26,4.91,2.37,12.07,16.89,5.66,18.55,-4.05,-4.05,True,True,True,True
ETHFI/USDT,-2758.28,-5.36,pump_3h_down,20.0,31.0,34.0,13.3,WARM,early,1.993997,24889.39,-1.96,-2.71,-5.27,-5.27,0.85,0.85,-4.31,-6.12,True,True,True,True
OP/USDT,-2080.17,-4.04,pump_3h_down,19.0,26.0,24.0,10.8,WARM,early,2.106053,23322.78,-0.86,-2.28,-1.28,-0.29,1.04,1.04,-2.28,-3.14,True,True,True,True
LUNA/USDT,-2882.85,-5.9,pump_3h_down,10.0,21.0,13.0,3.3,HOT,early,0.486143,97342.81,-1.14,-4.23,-5.79,-5.79,1.45,1.45,-3.61,-6.26,True,True,True,True
FTT/USDT,-3707.37,-7.8,pump_3h_down,36.0,40.0,15.0,2.1,WARM,early,2.784592,16667.74,0.45,-0.27,0.59,-2.2,1.26,6.54,-4.7,-4.7,True,True,True,True
SCRT/USDT,1137.77,2.91,pump_profit_protect,71.0,49.0,43.0,10.5,WARM,early,0.514357,81651.45,-3.22,2.09,17.0,18.91,3.24,24.43,-6.95,-6.95,True,True,True,True
HBAR/USDT,-4443.75,-9.89,pump_initial_stop,26.0,35.0,22.0,2.4,HOT,early,0.165223,266713.2,-9.87,-9.87,-9.87,-9.87,2.58,2.58,-12.68,-12.68,True,True,True,True
ICP/USDT,-1582.05,-3.41,pump_stagnation_exit,27.0,26.0,13.0,2.3,WARM,early,11.551773,3793.3,-1.79,-5.02,-4.01,-5.95,0.86,0.86,-2.44,-6.88,True,True,True,True
VET/USDT,-1596.06,-3.01,pump_stagnation_exit,42.0,41.0,18.0,4.2,HOT,early,0.045673,1089495.02,-0.53,-5.3,-4.74,-4.25,3.93,3.93,-1.6,-6.42,True,True,True,True
KSM/USDT,27245.49,57.71,pump_trailing_stop,56.0,54.0,24.0,14.6,HOT,early,32.55627,1456.66,2.78,24.37,43.08,33.65,5.97,52.41,-1.37,-1.37,True,True,True,True
HIVE/USDT,-2433.37,-4.29,pump_3h_down,32.0,26.0,20.0,15.2,HOT,early,0.303252,179052.86,0.38,0.91,-0.31,-3.02,4.53,4.53,-3.84,-5.03,True,True,True,True
ONE/USDT,-2988.49,-9.4,pump_initial_stop,93.0,54.0,23.0,3.1,HOT,early,0.027204,1145990.67,4.99,-4.5,-7.51,-4.46,12.04,12.04,-3.98,-9.68,True,True,True,True
SAND/USDT,-1971.45,-5.22,pump_3h_down,85.0,63.0,44.0,6.9,HOT,early,0.632216,57565.41,-5.11,-4.78,-3.18,0.12,0.39,2.81,-9.3,-9.3,True,True,True,True
HOT/USDT,-1710.45,-3.23,pump_3h_down,32.0,18.0,17.0,8.3,WARM,early,0.002814,17760415.1,0.23,-2.08,-0.26,-1.61,3.5,3.5,-1.01,-3.43,True,True,True,True
PYR/USDT,-314.37,-0.43,pump_time_exit,39.0,24.0,14.0,7.3,WARM,early,3.94197,12675.8,-2.36,0.53,-2.41,-1.17,0.84,3.2,-3.32,-3.6,True,True,True,True
COS/USDT,-3910.53,-6.38,pump_3h_down,54.0,36.0,17.0,15.6,WARM,early,0.01229,4841601.08,-3.31,-1.37,-0.24,-3.49,2.39,4.56,-4.83,-5.44,True,True,True,True
SUSHI/USDT,-1649.24,-3.28,pump_3h_down,19.0,19.0,10.0,2.9,HOT,early,1.195598,39713.99,-2.98,-2.56,-2.64,-3.23,0.2,0.2,-3.56,-4.4,True,True,True,True
ZEN/USDT,1624.89,3.62,pump_stagnation_exit,32.0,26.0,13.0,4.6,WARM,early,14.797395,3218.84,-1.54,-0.52,1.03,3.4,1.71,4.68,-2.01,-2.01,True,True,True,True
LISTA/USDT,-4241.97,-8.1,pump_3h_down,46.0,37.0,16.0,4.7,HOT,early,0.611105,83735.69,-0.07,-7.5,-8.05,-8.05,2.21,2.21,-2.23,-8.82,True,True,True,True
ENS/USDT,-531.42,-0.77,pump_time_exit,68.0,52.0,34.0,4.0,HOT,early,34.09704,1601.18,2.79,0.42,-3.86,-1.69,9.36,9.36,-2.51,-6.65,True,True,True,True
ACT/USDT,-783.68,-1.25,pump_time_exit,50.0,44.0,11.0,5.1,WARM,early,0.628414,86370.41,0.51,1.45,6.04,-1.47,4.64,6.54,-1.5,-2.98,True,True,True,True
CRV/USDT,-2384.5,-5.12,pump_3h_down,31.0,24.0,16.0,2.9,WARM,early,0.62081,72225.42,-1.92,-4.17,-4.08,-4.9,1.01,1.01,-3.11,-4.95,True,True,True,True
FIL/USDT,-1096.41,-2.27,pump_3h_down,26.0,20.0,12.0,2.7,WARM,early,7.233615,6143.89,-0.37,-1.79,-2.21,-2.21,0.07,1.22,-2.04,-2.9,True,True,True,True
DGB/USDT,-293.94,-0.5,pump_time_exit,39.0,35.0,18.0,23.6,WARM,early,0.014937,2807408.92,1.82,2.9,10.33,4.44,3.77,13.14,-4.2,-4.2,True,True,True,True
USUAL/USDT,-925.39,-1.96,pump_stagnation_exit,19.0,20.0,16.0,9.1,WARM,early,0.365182,117364.26,-1.99,-4.68,-3.86,-1.31,0.63,1.32,-4.98,-6.07,True,True,True,True
HBAR/USDT,-2254.4,-7.51,pump_time_exit,103.0,58.0,19.0,1.5,WARM,confirmed,0.352906,82916.2,-2.63,6.1,9.09,5.09,1.09,11.13,-5.73,-5.73,True,True,True,True
CVX/USDT,27704.18,65.69,pump_trailing_stop,45.0,36.0,11.0,2.8,WARM,early,4.325162,9790.29,3.46,1.24,-0.33,6.22,5.36,6.35,-0.3,-1.3,True,True,True,True
CVX/USDT,-593.6,-0.67,pump_3h_down,61.0,37.0,31.0,2.1,HOT,early,7.173585,9505.48,-0.11,-0.48,-0.54,-0.54,3.83,3.83,-1.03,-1.03,True,True,True,True
COMP/USDT,-812.59,-1.0,pump_time_exit,57.0,25.0,20.0,3.5,HOT,early,112.746345,599.01,-4.48,2.27,12.85,6.23,0.26,15.29,-4.99,-5.57,True,True,True,True
FTT/USDT,-2023.6,-3.8,pump_stagnation_exit,45.0,37.0,25.0,15.5,WARM,early,3.599299,14063.24,0.88,4.09,1.85,3.52,6.41,6.97,-0.05,-0.5,True,True,True,True
RSR/USDT,237.25,1.25,pump_breakeven,80.0,78.0,23.0,8.4,WARM,early,0.016923,1333510.61,1.57,8.28,6.68,32.77,3.5,53.63,-8.19,-8.19,True,True,True,True
ZRX/USDT,-686.6,-1.06,pump_time_exit,28.0,22.0,19.0,2.4,WARM,early,0.793296,68885.08,7.07,12.51,5.46,3.82,10.03,14.96,-3.83,-3.83,True,True,True,True
CELR/USDT,-1467.95,-2.56,pump_3h_down,30.0,27.0,19.0,6.7,WARM,early,0.030905,1723893.57,-1.25,-2.31,-2.48,-2.48,1.44,1.44,-1.7,-3.09,True,True,True,True
EIGEN/USDT,-839.51,-1.39,pump_stagnation_exit,26.0,27.0,13.0,4.3,WARM,early,4.889443,10823.04,1.65,-4.08,-3.18,-2.24,3.39,3.39,-0.68,-4.57,True,True,True,True
USUAL/USDT,-3871.46,-10.42,pump_initial_stop,81.0,31.0,10.0,1.6,WARM,confirmed,0.854127,42717.75,3.01,1.53,-10.59,-10.59,5.1,5.1,-2.24,-16.49,True,True,True,True
TURBO/USDT,-551.66,-0.85,pump_time_exit,19.0,30.0,17.0,2.1,HOT,early,0.012817,4107989.38,2.34,8.91,4.03,4.26,2.67,11.79,-1.76,-1.76,True,True,True,True
AAVE/USDT,3351.93,6.92,pump_stagnation_exit,25.0,28.0,16.0,2.9,WARM,early,344.99241,144.67,-0.26,2.37,2.16,2.67,1.8,4.26,-1.32,-1.32,True,True,True,True
XVG/USDT,-1615.07,-3.23,pump_stagnation_exit,17.0,47.0,25.0,4.8,HOT,early,0.016467,2865605.84,3.36,5.41,2.81,2.43,6.0,7.43,-0.06,-2.16,True,True,True,True
AVA/USDT,4139.3,21.1,pump_breakeven,169.0,168.0,164.0,355.6,WARM,early,1.985292,9988.27,-1.28,21.16,21.16,21.16,2.13,43.56,-4.8,-4.8,True,True,True,True
COW/USDT,33676.01,64.98,pump_trailing_stop,25.0,37.0,13.0,8.0,WARM,early,0.6002,86701.26,7.15,3.75,2.28,0.68,8.28,8.28,-1.1,-1.1,True,True,True,True
COW/USDT,-3042.77,-3.71,pump_3h_down,54.0,51.0,12.0,5.5,WARM,early,0.96038,81080.83,6.09,4.18,3.65,4.61,8.33,8.33,-0.51,-0.51,True,True,True,True
COW/USDT,-1171.35,-1.62,pump_stagnation_exit,17.0,41.0,32.0,4.4,WARM,early,0.901951,71493.53,-0.67,-4.14,-0.29,0.06,0.45,1.79,-2.52,-5.96,True,True,True,True
ZEN/USDT,-3113.68,-4.86,pump_time_exit,76.0,75.0,36.0,4.1,WARM,early,25.85292,2384.73,0.53,-0.28,-0.48,1.03,3.74,10.36,-4.19,-6.12,True,True,True,True
AGLD/USDT,-662.12,-0.77,pump_time_exit,26.0,33.0,26.0,10.5,WARM,early,1.64182,41625.51,-2.49,3.12,0.01,-2.0,-0.05,4.15,-4.13,-4.13,False,True,True,True
QKC/USDT,-2141.78,-3.06,pump_3h_down,32.0,27.0,25.0,19.5,WARM,early,0.012548,5235760.93,-1.43,0.87,6.33,2.49,1.85,9.98,-2.35,-2.35,True,True,True,True
CVX/USDT,1164.09,2.0,pump_stagnation_exit,17.0,24.0,14.0,2.5,HOT,early,4.847422,13332.51,0.36,5.11,3.77,5.58,2.3,6.45,-0.98,-0.98,True,True,True,True
PHA/USDT,23176.57,35.78,pump_breakeven,16.0,26.0,18.0,9.4,WARM,early,0.151276,431071.87,35.78,35.78,35.78,35.78,37.83,37.83,-3.62,-3.62,True,True,True,True
PHA/USDT,-9944.49,-10.6,pump_initial_stop,56.0,73.0,58.0,30.0,WARM,early,0.205603,448270.66,-10.51,-10.51,-10.51,-10.51,0.53,0.53,-13.43,-13.43,True,True,True,True
BAT/USDT,1486.67,2.27,pump_stagnation_exit,24.0,31.0,26.0,21.3,WARM,early,0.286543,250677.75,-5.08,-6.82,-5.53,-1.69,3.44,3.44,-6.44,-8.25,True,True,True,True
RSR/USDT,-3707.63,-4.22,pump_3h_down,30.0,33.0,21.0,5.5,HOT,early,0.014713,5710999.83,0.98,-0.5,-1.36,-4.17,7.39,7.39,-1.14,-4.18,True,True,True,True
PHA/USDT,35146.02,60.35,pump_trailing_stop,33.0,36.0,30.0,53.8,WARM,early,0.169485,345116.57,4.43,6.97,2.72,4.79,8.21,14.17,-2.0,-2.0,True,True,True,True
COW/USDT,-1710.13,-1.94,pump_time_exit,31.0,34.0,20.0,2.6,WARM,early,1.053727,75902.64,4.28,6.13,8.44,7.58,5.65,14.4,-0.81,-0.81,True,True,True,True
PHA/USDT,34801.03,57.89,pump_trailing_stop,103.0,37.0,38.0,2.3,WARM,early,0.369184,163560.36,0.49,10.76,7.78,8.75,5.1,15.15,-3.03,-3.03,True,True,True,True
GMT/USDT,-1443.03,-1.18,pump_time_exit,42.0,45.0,22.0,2.6,WARM,early,0.194997,538131.79,3.74,0.82,6.62,5.08,6.51,10.0,-1.79,-1.79,True,True,True,True
XVG/USDT,6962.88,6.89,pump_stagnation_exit,11.0,27.0,21.0,21.5,WARM,early,0.01525,6828537.92,-3.68,-5.49,0.7,-1.3,0.07,0.89,-4.3,-7.64,True,True,True,True
HIVE/USDT,-5235.8,-4.67,pump_3h_down,32.0,25.0,31.0,10.6,WARM,early,0.437419,246024.74,1.78,1.32,0.32,5.78,6.67,6.67,-1.65,-1.65,True,True,True,True
DGB/USDT,-2780.4,-2.45,pump_3h_down,7.0,20.0,18.0,27.5,WARM,early,0.012756,8230910.98,0.19,-0.21,-1.23,-2.72,3.63,3.63,-0.99,-3.11,True,True,True,True
TAO/USDT,-4492.08,-4.14,pump_3h_down,14.0,21.0,13.0,4.3,WARM,early,536.8683,192.98,1.01,-1.41,-1.97,-4.09,1.4,1.89,-1.76,-5.41,True,True,True,True
ACT/USDT,-4403.32,-4.09,pump_stagnation_exit,19.0,20.0,14.0,2.7,HOT,early,0.338469,303789.06,-1.97,-2.62,-1.2,-1.65,-0.05,0.45,-2.35,-3.3,False,True,True,True
DEXE/USDT,-1024.99,-0.66,pump_time_exit,48.0,30.0,13.0,5.0,HOT,early,19.202597,6196.4,8.43,9.66,6.4,5.18,13.84,13.84,-1.28,-1.28,True,True,True,True
CETUS/USDT,184.18,0.39,pump_stagnation_exit,27.0,20.0,14.0,4.2,WARM,early,0.369385,267046.91,0.0,-0.1,0.36,-0.05,1.28,2.25,-1.11,-1.11,True,True,True,True
KAVA/USDT,-5103.26,-5.15,pump_3h_down,31.0,22.0,12.0,6.7,HOT,early,0.583392,163539.45,-2.28,-4.54,-5.09,-5.09,-0.05,-0.05,-2.96,-5.11,False,False,True,True
STEEM/USDT,-7220.87,-7.12,pump_3h_down,12.0,24.0,18.0,8.2,WARM,early,0.297549,331828.55,-6.64,-5.96,-3.75,-6.33,0.79,0.79,-7.61,-7.61,True,True,True,True
AI/USDT,-2071.93,-2.04,pump_stagnation_exit,-1.0,21.0,14.0,2.4,WARM,early,0.752076,123086.0,-1.13,1.11,2.09,1.28,0.42,2.92,-2.5,-2.5,True,True,True,True
AIXBT/USDT,-1355.25,-1.28,pump_3h_down,20.0,37.0,29.0,4.0,WARM,early,0.566583,161553.55,1.17,-0.16,-0.46,-1.27,3.66,3.66,-1.25,-2.75,True,True,True,True
IOST/USDT,-3266.28,-3.4,pump_3h_down,11.0,29.0,21.0,6.7,WARM,early,0.008242,11023325.1,-1.47,-2.4,-3.36,-3.36,2.79,2.79,-2.29,-4.43,True,True,True,True
AIXBT/USDT,-3832.73,-4.29,pump_3h_down,34.0,68.0,14.0,2.5,HOT,early,0.639119,133655.48,-0.02,-1.86,-4.26,-4.26,0.84,0.84,-0.55,-4.54,True,True,True,True
SAGA/USDT,-5683.27,-6.32,pump_3h_down,22.0,25.0,24.0,22.2,WARM,early,1.535567,56854.73,-3.55,-5.94,-6.29,-6.29,0.24,0.24,-5.01,-7.44,True,True,True,True
AIXBT/USDT,-1655.31,-1.43,pump_time_exit,71.0,24.0,19.0,2.0,WARM,early,0.793797,127681.89,9.89,12.19,10.6,10.87,11.49,24.72,-1.08,-1.08,True,True,True,True
SPELL/USDT,11417.85,11.59,pump_breakeven,50.0,39.0,23.0,2.7,WARM,early,0.001076,93293927.48,11.85,11.85,11.85,11.85,30.14,30.14,-2.72,-2.72,True,True,True,True
SPELL/USDT,-9884.01,-9.66,pump_3h_down,66.0,58.0,38.0,6.5,HOT,early,0.001202,83528689.48,-3.37,-6.76,-9.57,-9.57,10.1,10.1,-5.86,-12.05,True,True,True,True
LQTY/USDT,-2400.16,-2.65,pump_3h_down,8.0,19.0,12.0,4.7,WARM,early,2.04102,41352.1,1.08,-0.49,-0.44,-1.96,1.86,1.86,-0.64,-2.4,True,True,True,True
HIVE/USDT,-4431.64,-5.13,pump_3h_down,22.0,23.0,17.0,2.2,WARM,early,0.476738,174518.78,-1.18,-2.63,-5.11,-5.11,4.06,4.06,-2.13,-5.59,True,True,True,True
SPELL/USDT,-2430.01,-2.94,pump_3h_down,33.0,40.0,15.0,2.1,WARM,early,0.001155,67101999.27,3.55,-0.99,-5.27,-3.39,8.55,8.55,-0.15,-6.26,True,True,True,True
VTHO/USDT,-6087.47,-7.44,pump_initial_stop,-15.0,28.0,21.0,2.7,WARM,early,0.006496,12278972.78,-6.47,-8.02,-7.33,-7.33,2.81,2.81,-6.87,-10.15,True,True,True,True
USUAL/USDT,-2106.13,-2.55,pump_time_exit,23.0,25.0,19.0,13.8,WARM,early,0.371586,206471.82,0.78,-0.67,3.77,4.82,3.5,7.19,-0.59,-2.01,True,True,True,True
QTUM/USDT,-3874.53,-4.93,pump_stagnation_exit,-11.0,22.0,17.0,2.0,WARM,early,3.417708,22140.1,2.96,0.65,-0.55,1.35,3.72,4.75,-1.54,-1.6,True,True,True,True
MBOX/USDT,-5419.83,-7.84,pump_3h_down,21.0,26.0,26.0,57.1,WARM,early,0.125263,538693.77,-0.77,-5.48,-7.79,-7.79,7.77,7.77,-3.4,-8.83,True,True,True,True
GMX/USDT,-1269.17,-1.52,pump_3h_down,20.0,20.0,15.0,6.9,WARM,early,20.37018,3619.51,-0.39,-0.34,-1.28,-1.47,0.83,1.03,-1.62,-1.72,True,True,True,True
ME/USDT,-6090.7,-9.16,pump_3h_down,38.0,49.0,24.0,7.8,HOT,early,1.841921,35355.01,-0.65,-5.48,-9.06,-9.06,2.5,2.5,-3.47,-10.26,True,True,True,True
RPL/USDT,-1670.35,-2.28,pump_profit_protect,26.0,37.0,27.0,28.6,WARM,early,7.78389,8650.83,3.16,1.11,-2.23,-2.23,15.62,15.62,-2.75,-4.42,True,True,True,True
1MBABYDOGE/USDT,-6513.52,-9.32,pump_3h_down,19.0,26.0,17.0,2.6,HOT,early,0.001821,37627022.26,-5.43,-7.44,-9.29,-9.29,0.16,0.16,-6.3,-9.58,True,True,True,True
RPL/USDT,-1526.12,-2.59,pump_profit_protect,21.0,35.0,23.0,48.9,WARM,early,7.613805,7180.22,4.94,7.44,6.52,4.42,11.51,15.05,-1.23,-1.23,True,True,True,True
AIXBT/USDT,-3081.72,-4.74,pump_3h_down,6.0,28.0,19.0,2.4,WARM,early,0.297449,210052.02,-1.26,-1.7,-4.69,-4.69,9.26,9.26,-5.43,-5.43,True,True,True,True
COOKIE/USDT,-4216.11,-9.94,pump_3h_down,64.0,65.0,32.0,6.0,WARM,early,0.263031,158203.93,-3.66,-7.31,-3.7,-6.67,2.46,2.46,-5.45,-8.03,True,True,True,True
RPL/USDT,-245.91,-0.37,pump_stagnation_exit,97.0,49.0,31.0,7.9,WARM,early,11.28564,3854.76,1.9,-0.4,1.81,0.57,4.38,5.71,-0.14,-3.68,True,True,True,True
CAKE/USDT,-2838.75,-6.76,pump_3h_down,88.0,59.0,21.0,2.0,WARM,early,3.135567,13016.52,-3.4,-2.41,-5.92,-6.72,0.24,0.24,-4.87,-8.72,True,True,True,True
JUV/USDT,-854.08,-4.61,pump_3h_down,111.0,108.0,110.0,242.6,WARM,early,2.192095,8101.33,1.87,-6.3,-2.42,-0.96,9.3,9.3,-0.87,-8.76,True,True,True,True
LISTA/USDT,442.61,0.81,pump_breakeven,48.0,41.0,43.0,23.0,WARM,early,0.253727,288206.35,12.25,6.93,4.84,8.27,14.3,15.48,-5.69,-5.69,True,True,True,True
API3/USDT,-3631.7,-6.17,pump_3h_down,17.0,19.0,13.0,28.4,WARM,early,1.070535,53319.14,1.26,-4.81,-6.96,-6.68,2.01,2.01,-1.82,-8.08,True,True,True,True
S/USDT,513.93,1.13,pump_stagnation_exit,51.0,20.0,13.0,1.7,WARM,confirmed,0.86063,64212.55,-1.33,3.03,-1.47,0.62,0.98,4.46,-1.79,-1.93,True,True,True,True
S/USDT,-5305.82,-9.37,pump_initial_stop,62.0,36.0,14.0,1.7,WARM,confirmed,0.986993,56252.0,-5.35,-9.32,-9.32,-9.32,0.1,0.1,-6.63,-10.83,True,True,True,True
JTO/USDT,-2850.21,-5.2,pump_time_exit,23.0,21.0,19.0,42.2,WARM,early,3.196597,16538.24,-0.49,7.58,4.2,2.86,0.64,9.37,-1.74,-1.74,True,True,True,True
TST/USDT,-5668.88,-9.1,pump_time_exit,48.0,38.0,37.0,9.1,WARM,early,0.113257,538646.54,-3.58,-2.17,-1.37,4.1,2.33,7.19,-7.56,-7.56,True,True,True,True
LPT/USDT,-3658.49,-7.33,pump_3h_down,4.0,24.0,16.0,3.6,WARM,early,7.736866,6282.19,-5.74,-5.71,-3.5,-6.22,-0.05,-0.05,-6.72,-7.86,False,False,True,True
KAITO/USDT,622.13,1.31,pump_breakeven,37.0,20.0,17.0,2.3,WARM,early,2.098749,26744.09,-5.09,-1.82,-2.5,2.08,3.71,3.71,-6.47,-6.47,True,True,True,True
IOTA/USDT,-7543.6,-13.16,pump_initial_stop,46.0,48.0,41.0,13.1,HOT,early,0.296848,190341.61,-13.09,-13.09,-13.09,-13.09,3.49,3.49,-14.6,-14.6,True,True,True,True
IOTA/USDT,-244.26,-0.37,pump_stagnation_exit,26.0,30.0,23.0,24.2,HOT,early,0.258029,165862.69,-0.32,1.58,1.07,1.54,0.65,3.63,-3.34,-3.34,True,True,True,True
YGG/USDT,-2387.22,-5.32,pump_time_exit,23.0,29.0,26.0,33.3,HOT,early,0.283542,152752.87,-0.76,0.02,7.22,5.31,2.28,12.43,-5.48,-5.48,True,True,True,True
KAITO/USDT,-2059.91,-6.19,pump_3h_down,-18.0,27.0,27.0,5.0,WARM,early,1.937768,16648.02,-6.36,-0.99,-4.3,-6.12,0.07,2.1,-7.04,-8.26,True,True,True,True
REZ/USDT,-2178.21,-5.12,pump_3h_down,10.0,32.0,36.0,41.9,WARM,early,0.023682,1729804.16,-0.98,-1.11,-5.16,-5.16,1.93,3.96,-2.75,-6.85,True,True,True,True
MOVE/USDT,-1934.64,-4.66,pump_3h_down,-0.0,26.0,16.0,5.3,WARM,early,0.497949,80079.08,-0.81,-3.68,-4.59,-4.59,0.71,0.71,-2.76,-5.29,True,True,True,True
BANANA/USDT,-2817.62,-5.84,pump_initial_stop,37.0,76.0,60.0,16.1,HOT,early,18.62931,2506.21,-4.08,-5.79,-5.79,-5.79,6.28,6.28,-6.55,-12.13,True,True,True,True
BANANA/USDT,-1933.23,-6.82,pump_3h_down,29.0,56.0,52.0,24.8,WARM,early,17.558775,1570.61,-4.38,-4.78,-6.83,-6.83,2.68,2.68,-5.57,-7.91,True,True,True,True
AUCTION/USDT,-2885.07,-6.22,pump_stagnation_exit,62.0,37.0,22.0,3.1,WARM,early,26.303145,1710.73,2.54,-3.21,-0.92,-1.87,4.09,4.09,-2.18,-4.76,True,True,True,True
VANRY/USDT,-3256.78,-9.09,pump_3h_down,2.0,24.0,17.0,2.9,WARM,early,0.030015,1169002.6,-4.05,-5.71,-3.71,-3.05,4.28,4.28,-6.38,-7.05,True,True,True,True
SOLV/USDT,-576.83,-1.44,pump_3h_down,24.0,22.0,17.0,7.0,WARM,early,0.050535,694553.83,2.09,-0.03,-0.13,-1.38,2.62,2.62,-3.24,-3.24,True,True,True,True
VIC/USDT,672.32,5.01,pump_breakeven,19.0,41.0,20.0,2.7,WARM,early,0.27944,50021.51,12.19,23.25,34.34,38.46,14.51,46.29,-3.23,-3.23,True,True,True,True
RARE/USDT,-2511.54,-7.3,pump_3h_down,-6.0,34.0,19.0,8.0,WARM,early,0.116558,287462.92,-3.57,-3.65,-1.34,-5.54,1.15,1.15,-5.11,-6.74,True,True,True,True
PNUT/USDT,-1062.69,-3.07,pump_3h_down,25.0,19.0,13.0,2.5,WARM,early,0.205503,158444.12,3.31,3.16,1.7,0.68,3.65,5.01,-0.29,-0.29,True,True,True,True
NMR/USDT,-1171.27,-3.77,pump_3h_down,28.0,32.0,24.0,62.7,WARM,early,11.175585,2644.59,0.58,-1.75,-2.47,-3.81,2.72,2.72,-1.39,-4.26,True,True,True,True
ZRO/USDT,16964.08,53.74,pump_trailing_stop,25.0,19.0,15.0,11.0,WARM,early,2.044021,15517.53,6.7,11.01,11.5,8.66,11.3,15.21,-0.49,-0.49,True,True,True,True
ACX/USDT,-1812.79,-5.05,pump_3h_down,39.0,24.0,15.0,11.9,WARM,early,0.357479,96706.23,-0.72,-1.48,-5.03,-5.03,1.85,1.85,-3.21,-5.9,True,True,True,True
API3/USDT,-266.75,-0.47,pump_time_exit,25.0,25.0,24.0,3.9,WARM,early,1.069535,37042.77,5.47,11.17,14.91,16.5,8.08,20.52,-5.38,-5.38,True,True,True,True
COMP/USDT,-3164.09,-9.61,pump_3h_down,27.0,33.0,28.0,91.4,WARM,early,51.38568,628.2,2.58,-4.92,-6.76,-9.55,6.14,6.14,-1.53,-10.31,True,True,True,True
ARK/USDT,-1676.8,-4.34,pump_3h_down,22.0,19.0,18.0,2.3,WARM,early,0.358579,103172.16,-2.25,-2.81,-4.34,-4.34,2.07,2.07,-2.98,-5.07,True,True,True,True
PENDLE/USDT,-1190.94,-3.1,pump_3h_down,28.0,23.0,13.0,2.0,HOT,early,3.4017,10628.97,1.07,0.48,-0.67,-1.58,1.33,1.74,-0.11,-2.23,True,True,True,True
LAYER/USDT,-1134.06,-2.95,pump_3h_down,21.0,32.0,19.0,5.2,HOT,early,1.822611,19761.64,-0.46,-2.38,-1.41,-2.51,1.42,1.98,-1.22,-3.41,True,True,True,True
LISTA/USDT,-1359.67,-3.69,pump_stagnation_exit,18.0,25.0,24.0,5.8,WARM,early,0.150375,232707.92,-7.23,-6.7,-5.3,-4.04,-0.05,2.41,-7.63,-7.63,False,True,True,True
PIXEL/USDT,-1302.26,-3.66,pump_stagnation_exit,29.0,27.0,14.0,4.9,WARM,early,0.027544,1227251.01,-6.08,-4.77,-5.02,-4.52,1.37,1.37,-6.11,-6.22,True,True,True,True
JASMY/USDT,-2706.9,-6.51,pump_3h_down,61.0,30.0,19.0,2.3,WARM,early,0.016378,2466343.57,3.74,0.07,-2.31,-2.43,8.38,8.38,-3.41,-3.96,True,True,True,True
1000CAT/USDT,-861.97,-2.47,pump_3h_down,27.0,19.0,18.0,11.7,WARM,early,0.005903,5473150.34,-1.57,-2.25,0.63,-0.39,0.12,1.64,-2.25,-2.93,True,True,True,True
ARK/USDT,-493.87,-1.34,pump_time_exit,31.0,35.0,18.0,3.8,WARM,early,0.466833,68678.37,2.18,1.84,7.04,4.23,4.71,14.37,-0.22,-0.22,True,True,True,True
IQ/USDT,-5441.83,-15.94,pump_stagnation_exit,52.0,60.0,21.0,10.4,WARM,early,0.00575,5871157.51,3.86,0.4,4.63,-3.58,5.06,5.97,-1.37,-4.35,True,True,True,True
T/USDT,-137.06,-0.2,pump_profit_protect,47.0,43.0,39.0,21.2,WARM,early,0.02096,1654954.8,4.58,16.31,8.54,0.19,12.45,19.99,-2.48,-2.48,True,True,True,True
MEME/USDT,-482.66,-2.06,pump_stagnation_exit,26.0,34.0,27.0,14.6,WARM,early,0.001937,11032003.4,-2.32,-5.99,-4.75,-6.71,0.05,0.05,-4.13,-8.16,True,True,True,True
WAXP/USDT,-3197.39,-9.13,pump_3h_down,49.0,39.0,29.0,5.7,WARM,early,0.029565,1160726.5,-4.92,-5.66,-9.08,-9.08,2.15,2.15,-8.03,-9.35,True,True,True,True
WAXP/USDT,1001.61,3.91,pump_stagnation_exit,33.0,20.0,15.0,7.7,WARM,early,0.026893,1003876.29,-0.2,0.84,2.74,0.06,0.62,3.37,-1.87,-1.87,True,True,True,True
MAGIC/USDT,671.01,3.37,pump_initial_stop,86.0,72.0,64.0,29.5,WARM,early,0.129465,163459.57,3.35,3.35,3.35,3.35,8.6,8.6,-10.01,-10.01,True,True,True,True
MAGIC/USDT,-1902.15,-8.75,pump_initial_stop,87.0,78.0,70.0,46.2,WARM,early,0.133967,158720.39,0.4,-2.89,-8.71,-8.71,7.34,7.34,-3.63,-10.5,True,True,True,True
MAGIC/USDT,18139.96,72.84,pump_trailing_stop,70.0,62.0,34.0,31.5,WARM,early,0.122361,204280.67,-5.12,2.24,7.63,10.08,1.67,13.93,-5.28,-5.36,True,True,True,True
HIGH/USDT,-164.6,-0.51,pump_time_exit,32.0,34.0,29.0,38.0,WARM,early,0.482241,47807.99,7.83,6.38,15.71,10.32,10.53,16.95,-3.58,-3.58,True,True,True,True
SKL/USDT,-3210.18,-8.59,pump_3h_down,29.0,22.0,16.0,4.0,WARM,early,0.025433,1437593.31,6.01,2.47,2.15,7.54,8.48,14.38,-6.42,-6.42,True,True,True,True
TURBO/USDT,129.37,0.52,pump_stagnation_exit,52.0,36.0,24.0,3.8,WARM,early,0.003047,13151884.63,4.28,0.97,-3.46,-4.74,7.4,7.73,-0.84,-4.94,True,True,True,True
PENGU/USDT,-1139.24,-2.57,pump_stagnation_exit,42.0,40.0,18.0,3.7,HOT,early,0.007048,5846116.03,-2.5,-4.26,0.05,-0.29,7.04,7.04,-3.77,-4.83,True,True,True,True
COOKIE/USDT,-729.23,-1.82,pump_3h_down,35.0,27.0,13.0,4.5,WARM,early,0.128064,282571.71,-0.05,-1.22,0.03,-1.22,1.28,1.28,-2.39,-3.64,True,True,True,True
TURBO/USDT,10110.14,38.34,pump_trailing_stop,67.0,50.0,15.0,1.7,HOT,confirmed,0.003461,7667172.04,8.21,15.76,17.4,18.36,14.98,27.0,-0.17,-0.17,True,True,True,True
ACT/USDT,-9321.57,-24.2,pump_initial_stop,25.0,36.0,13.0,5.1,HOT,early,0.077139,495738.09,-3.68,-24.29,-24.29,-24.29,6.04,6.04,-3.94,-28.7,True,True,True,True
EGLD/USDT,-2345.3,-5.59,pump_3h_down,38.0,24.0,20.0,11.7,WARM,early,19.119555,2120.99,0.32,-1.93,-4.23,-5.59,4.6,4.6,-2.09,-6.64,True,True,True,True
CETUS/USDT,-144.78,-0.41,pump_time_exit,86.0,40.0,11.0,2.1,WARM,early,0.191896,123272.82,0.84,-2.97,-2.29,-3.8,4.95,4.95,-1.82,-4.69,True,True,True,True
PENGU/USDT,25025.11,64.24,pump_trailing_stop,69.0,31.0,15.0,4.2,WARM,early,0.008407,4652652.98,2.65,1.31,2.07,1.52,8.85,8.85,-0.42,-0.42,True,True,True,True
PUNDIX/USDT,-797.44,-1.57,pump_stagnation_exit,24.0,29.0,27.0,16.2,WARM,early,0.373687,120600.45,-3.23,-1.98,-1.84,4.1,2.17,7.04,-4.73,-4.73,True,True,True,True
HIGH/USDT,-571.49,-1.09,pump_time_exit,12.0,25.0,17.0,4.8,WARM,early,0.605302,73211.41,3.58,4.91,3.75,-0.05,8.54,9.86,-2.03,-2.03,True,True,True,True
PIVX/USDT,-2972.88,-8.01,pump_3h_down,46.0,61.0,41.0,37.8,WARM,early,0.218509,165811.56,3.43,-0.19,-6.27,-7.92,5.12,5.9,-1.83,-9.39,True,True,True,True
BEAMX/USDT,-1030.92,-2.12,pump_3h_down,21.0,23.0,13.0,14.0,WARM,early,0.008884,4995473.43,-2.86,-0.5,-1.74,-2.19,-0.05,0.63,-4.21,-4.21,False,True,True,True
BB/USDT,932.69,2.4,pump_stagnation_exit,15.0,19.0,13.0,5.3,WARM,early,0.131766,321624.2,-0.28,1.7,0.33,-0.2,0.78,2.91,-1.34,-1.34,True,True,True,True
PENGU/USDT,-301.01,-0.5,pump_stagnation_exit,27.0,24.0,21.0,3.2,HOT,early,0.014133,3031590.97,1.24,-0.69,-0.57,-0.14,2.32,2.32,-0.93,-2.48,True,True,True,True
PNUT/USDT,2543.5,6.06,pump_stagnation_exit,29.0,37.0,20.0,6.1,HOT,early,0.207704,209203.33,-0.48,-0.63,1.25,4.43,0.38,4.67,-2.7,-2.7,True,True,True,True
VIRTUAL/USDT,-3187.86,-6.92,pump_3h_down,26.0,50.0,18.0,2.3,HOT,early,2.088744,21445.54,-1.47,-0.85,-2.67,-6.88,0.31,0.31,-3.2,-7.45,True,True,True,True
EGLD/USDT,-2501.91,-5.67,pump_3h_down,30.0,27.0,20.0,23.1,HOT,early,20.29014,2103.96,-2.42,-1.33,-4.14,-5.57,0.05,0.05,-2.96,-6.06,True,True,True,True
PNUT/USDT,-2002.18,-8.0,pump_3h_down,111.0,84.0,18.0,2.2,WARM,early,0.321461,76053.99,-2.01,-2.79,-7.95,-7.95,3.4,3.4,-5.65,-9.48,True,True,True,True
PNUT/USDT,48.97,0.42,pump_breakeven,112.0,57.0,21.0,1.9,WARM,early,0.324662,67636.34,0.72,0.75,14.06,24.07,1.98,30.81,-2.39,-2.39,True,True,True,True
ETHFI/USDT,-529.18,-1.53,pump_time_exit,97.0,43.0,28.0,4.5,HOT,early,1.049524,29196.73,10.15,6.24,4.43,8.33,11.19,14.81,-1.96,-1.96,True,True,True,True
INIT/USDT,-2144.71,-6.62,pump_3h_down,94.0,24.0,17.0,1.8,WARM,early,1.359079,23150.43,-2.05,-5.5,-6.57,-6.57,1.35,1.35,-5.24,-8.39,True,True,True,True
ACT/USDT,-3949.73,-11.07,pump_initial_stop,31.0,39.0,14.0,2.9,WARM,early,0.084742,414011.56,-7.01,-11.02,-11.02,-11.02,4.79,4.79,-8.55,-13.38,True,True,True,True
COOKIE/USDT,-931.6,-3.03,pump_3h_down,85.0,43.0,21.0,1.5,WARM,confirmed,0.276538,104474.16,-0.85,-1.03,-3.05,-3.05,1.65,1.65,-2.29,-5.8,True,True,True,True
IO/USDT,-215.53,-0.33,pump_time_exit,23.0,22.0,16.0,21.5,HOT,early,0.885443,46331.03,9.55,4.69,2.43,2.66,16.21,16.21,-0.05,-0.05,True,True,True,True
