symbol,pnl,ret_pct,exit_reason,confirmed,tier,r72_pct,r24_pct,r6_pct,vr,entry_price,qty,ret_1h,ret_2h,ret_3h,ret_4h,mfe_1h,mfe_4h,mae_1h,mae_4h
TIA/USDT,-281.26,-0.36,pump_stagnation_exit,True,B,28.0,33.0,14.0,2.3,15.6,3205.81,5.61,0.89,-0.69,-0.04,7.75,7.75,-1.81,-2.27
GMT/USDT,61.81,0.61,pump_breakeven,False,B,34.0,48.0,21.0,5.5,0.41,36841.9,2.81,2.19,0.64,0.64,3.22,8.32,-1.45,-1.53
RIF/USDT,845.08,1.88,pump_stagnation_exit,True,B,23.0,24.0,17.0,2.9,0.15,322914.4,4.87,3.25,4.41,3.44,5.13,7.65,-1.6,-1.6
BONK/USDT,450.84,3.21,pump_lock_2pct,False,B,12.0,21.0,18.0,4.7,0.0,1210929018.52,-1.99,-3.45,-3.28,0.76,-0.05,0.92,-3.12,-6.92
AUCTION/USDT,1063.5,7.23,pump_breakeven,False,B,-3.0,21.0,22.0,5.7,21.42,707.39,7.28,7.28,7.28,7.28,9.05,9.05,-0.52,-0.52
ARK/USDT,-460.67,-2.84,pump_probe_kill,False,B,11.0,22.0,14.0,28.4,0.84,18157.45,2.01,-0.61,-3.88,-1.65,4.14,4.14,-0.54,-6.15
SKL/USDT,-738.71,-4.63,pump_3h_down,False,B,33.0,30.0,10.0,1.9,0.1,153842.98,-1.47,-3.65,-4.61,-4.61,1.47,1.47,-2.65,-4.95
PENDLE/USDT,2397.1,4.84,pump_stagnation_exit,True,B,26.0,32.0,11.0,2.2,1.65,30794.67,2.7,2.46,2.07,0.48,3.06,4.88,-1.19,-1.19
JTO/USDT,-840.64,-5.5,pump_3h_down,False,B,31.0,23.0,12.0,3.4,1.95,7588.65,-1.29,-1.12,-4.94,-5.49,0.49,0.63,-2.12,-7.99
ENS/USDT,2777.71,9.13,pump_lock_2pct,False,A,51.0,47.0,13.0,2.2,20.89,1489.82,-0.24,3.54,9.19,9.19,3.16,11.68,-0.62,-0.62
ENS/USDT,-59.56,-0.19,pump_breakeven,False,B,70.0,45.0,20.0,2.3,22.82,673.77,4.77,-0.14,-0.14,-0.14,7.31,9.11,-0.66,-0.88
SYN/USDT,211.94,0.59,pump_lock_2pct,True,B,35.0,26.0,11.0,2.8,0.49,104579.23,-1.49,-3.78,0.98,7.81,5.66,8.54,-3.8,-5.14
XTZ/USDT,-1184.84,-7.52,pump_3h_down,False,B,31.0,35.0,21.0,10.7,1.17,13109.12,-4.57,-5.77,-7.39,-7.39,0.63,0.63,-5.26,-9.1
LPT/USDT,-949.29,-5.87,pump_3h_down,False,B,31.0,26.0,20.0,7.9,9.17,1705.16,-4.19,-4.63,-5.94,-5.94,0.39,0.39,-4.85,-6.48
CTSI/USDT,2721.3,17.77,pump_lock_2pct,False,B,25.0,36.0,34.0,91.6,0.25,62855.79,17.87,17.87,17.87,17.87,29.75,29.75,-0.17,-0.17
LSK/USDT,4183.68,26.52,pump_lock_2pct,False,B,5.0,18.0,15.0,5.0,1.12,14173.04,-4.86,26.59,26.59,26.59,0.22,31.84,-6.11,-6.11
LSK/USDT,702.56,2.05,pump_lock_2pct,True,B,13.0,25.0,20.0,77.8,1.2,30393.46,-1.22,3.96,-0.88,2.71,2.04,7.55,-3.56,-3.56
TRB/USDT,-354.57,-1.93,pump_3h_down,False,B,16.0,19.0,16.0,6.0,121.64,136.82,0.98,-1.54,-1.46,-1.67,2.64,2.64,-1.46,-2.66
MAV/USDT,1634.58,3.12,pump_stagnation_exit,True,B,16.0,20.0,16.0,4.9,0.63,88062.42,0.01,0.35,1.72,2.88,1.65,3.42,-1.2,-1.2
SUI/USDT,-979.61,-1.53,pump_stagnation_exit,True,B,24.0,19.0,15.0,2.6,1.42,39110.02,1.96,0.16,1.66,1.51,2.21,3.87,-1.55,-1.55
CKB/USDT,-3288.97,-5.44,pump_breakeven,True,B,30.0,28.0,27.0,121.8,0.0,13276140.07,0.07,1.91,0.45,4.48,1.53,7.56,-2.32,-2.32
DIA/USDT,-1376.36,-8.31,pump_3h_down,False,B,23.0,31.0,19.0,3.2,0.49,32753.53,-3.0,-6.28,-8.28,-8.28,0.05,0.05,-6.74,-8.73
BTTC/USDT,-1265.04,-6.4,pump_probe_kill,False,B,39.0,42.0,41.0,30.6,0.0,17276046258.65,-2.75,-2.75,-5.45,-5.45,2.65,2.65,-4.55,-9.05
BTTC/USDT,-502.19,-2.98,pump_probe_kill,False,B,31.0,36.0,25.0,42.0,0.0,15183256659.09,-0.05,-0.05,-3.89,-3.89,0.91,0.91,-2.93,-5.82
COTI/USDT,-143.7,-0.26,pump_stagnation_exit,False,A,62.0,49.0,21.0,11.6,0.1,309294.61,1.33,5.05,2.85,2.19,6.23,7.41,-0.72,-0.72
REQ/USDT,-694.98,-4.23,pump_3h_down,False,B,26.0,24.0,22.0,54.4,0.1,150900.99,-5.24,-1.68,-3.41,-4.28,0.14,0.62,-5.62,-6.1
REQ/USDT,-1820.19,-9.53,pump_initial_stop,False,B,37.0,33.0,15.0,2.0,0.11,165113.39,-7.9,-9.49,-9.49,-9.49,0.04,0.04,-8.7,-11.08
QUICK/USDT,-341.06,-2.03,pump_3h_down,False,B,18.0,23.0,18.0,49.3,0.06,248361.08,-2.34,-0.13,-1.31,-1.98,0.23,1.96,-2.59,-2.79
SCRT/USDT,-703.19,-4.39,pump_stagnation_exit,False,B,27.0,25.0,23.0,54.2,0.48,31645.51,-1.83,1.71,0.16,0.59,2.1,5.01,-2.4,-2.4
CKB/USDT,1239.44,8.32,pump_lock_2pct,False,B,13.0,22.0,14.0,12.6,0.01,2654019.71,-0.36,-1.4,3.2,8.37,1.41,11.71,-0.62,-1.84
PROM/USDT,-1045.62,-9.8,pump_3h_down,False,B,85.0,79.0,75.0,188.6,13.32,786.18,-6.49,-6.64,-2.97,4.74,2.27,7.38,-9.05,-10.19
CKB/USDT,31501.12,47.75,pump_trailing_stop,True,A,47.0,56.0,17.0,7.3,0.01,8382197.06,2.48,0.21,1.34,5.51,3.73,6.6,-2.17,-2.17
VTHO/USDT,923.17,4.64,pump_lock_2pct,False,B,36.0,33.0,21.0,12.5,0.0,5806054.3,4.69,4.69,4.69,4.69,10.81,10.81,-0.05,-0.05
API3/USDT,-2.98,0.19,pump_stagnation_exit,True,B,44.0,24.0,26.0,7.0,4.48,7790.35,2.83,3.19,5.2,4.73,4.35,7.76,-1.08,-1.08
VTHO/USDT,-753.94,-3.48,pump_3h_down,False,B,44.0,39.0,22.0,8.0,0.0,5460826.7,-0.77,-1.92,-3.41,-3.41,2.45,2.45,-3.11,-4.07
CKB/USDT,-1071.02,-8.75,pump_initial_stop,False,B,215.0,69.0,38.0,2.5,0.01,806752.52,-8.51,-8.69,-8.69,-8.69,0.67,0.67,-11.45,-14.15
RIF/USDT,9304.84,11.63,pump_lock_2pct,True,B,62.0,49.0,36.0,17.6,0.22,357649.7,-1.17,0.76,1.74,5.19,5.33,5.91,-2.29,-4.53
VTHO/USDT,1776.04,16.01,pump_lock_2pct,False,B,124.0,96.0,58.0,5.6,0.01,1938471.55,16.14,16.14,16.14,16.14,21.88,21.88,-0.46,-0.46
USTC/USDT,1802.92,7.3,pump_lock_2pct,False,B,37.0,30.0,15.0,12.9,0.03,731039.15,7.34,7.34,7.34,7.34,11.58,11.58,-2.21,-2.21
USTC/USDT,-2377.07,-8.93,pump_3h_down,False,B,45.0,38.0,27.0,8.6,0.04,697191.73,-0.7,2.39,-1.89,-1.38,4.31,4.31,-4.22,-4.22
VTHO/USDT,-1795.81,-17.07,pump_3h_down,False,B,144.0,115.0,59.0,9.1,0.01,1633324.86,-0.03,-2.99,-1.34,1.17,4.66,4.66,-11.07,-11.07
WLD/USDT,45645.96,52.4,pump_trailing_stop,True,A,49.0,28.0,14.0,3.3,3.96,21330.25,-3.66,-6.24,-3.13,-1.31,0.23,0.23,-4.78,-6.85
IOTX/USDT,39.77,0.45,pump_breakeven,False,B,47.0,44.0,33.0,30.0,0.07,230413.67,-1.3,-1.99,-1.8,-0.99,2.73,2.86,-2.78,-4.01
CVX/USDT,-3675.5,-3.61,pump_stagnation_exit,True,B,19.0,19.0,13.0,10.0,4.27,21809.38,-1.34,-0.73,-0.52,3.84,7.35,7.35,-2.62,-2.62
FLUX/USDT,-1627.63,-5.75,pump_3h_down,False,B,33.0,31.0,17.0,4.4,0.93,29425.69,-4.21,-4.35,-5.7,-5.7,1.67,1.67,-4.9,-7.06
WLD/USDT,-4470.36,-6.83,pump_stagnation_exit,True,B,104.0,45.0,24.0,2.1,7.57,8369.52,-4.28,-0.3,-1.37,1.84,1.36,3.03,-5.45,-5.45
JASMY/USDT,-1705.94,-6.09,pump_probe_kill,False,B,23.0,24.0,18.0,24.9,0.01,3439620.48,-2.06,-2.91,-1.9,-6.56,1.79,1.79,-2.96,-6.67
SPELL/USDT,4595.66,14.82,pump_lock_2pct,False,B,39.0,45.0,42.0,34.3,0.0,36610126.89,14.88,14.88,14.88,14.88,25.56,25.56,-0.32,-0.32
SPELL/USDT,-3034.56,-9.27,pump_initial_stop,False,B,60.0,66.0,58.0,71.4,0.0,32445928.25,-9.24,-9.24,-9.24,-9.24,1.19,1.19,-10.18,-10.18
CTSI/USDT,-1642.82,-6.07,pump_probe_kill,False,B,21.0,19.0,25.0,9.1,0.37,71530.43,-5.04,-6.13,-6.08,-4.93,0.5,0.5,-5.23,-7.22
SPELL/USDT,1233.07,4.42,pump_lock_2pct,False,B,43.0,51.0,40.0,55.9,0.0,32579261.32,5.88,12.33,9.21,4.5,7.87,21.34,-0.58,-1.84
AMP/USDT,2906.96,5.4,pump_breakeven,True,B,34.0,31.0,18.0,5.1,0.01,10435463.88,-0.92,2.44,0.93,-2.3,1.59,7.54,-3.28,-3.28
WOO/USDT,-2248.09,-2.34,pump_stagnation_exit,True,B,10.0,20.0,12.0,4.7,0.48,183620.49,-1.32,-3.05,-1.11,-1.38,0.43,0.43,-1.47,-3.38
JASMY/USDT,-1422.94,-1.39,pump_stagnation_exit,True,B,14.0,24.0,29.0,2.4,0.02,5374449.33,-2.31,-2.56,0.22,-1.98,1.29,3.58,-5.96,-5.96
GLM/USDT,-2816.05,-2.95,pump_stagnation_exit,True,B,7.0,18.0,12.0,7.8,0.38,231958.62,-0.23,2.95,0.13,1.55,0.77,7.29,-1.58,-1.58
PIXEL/USDT,-2041.15,-7.84,pump_3h_down,False,B,18.0,22.0,13.0,2.6,0.64,39836.31,-5.9,-5.95,-7.81,-7.81,-0.05,-0.05,-6.01,-9.82
THETA/USDT,-694.91,-2.03,pump_stagnation_exit,False,B,44.0,27.0,24.0,3.0,1.71,18248.4,-4.9,-4.84,-3.26,-1.28,1.41,1.41,-6.13,-6.13
PEPE/USDT,6220.45,12.25,pump_lock_2pct,False,A,50.0,30.0,15.0,3.5,0.0,29022747865.21,1.63,-1.73,2.76,12.3,2.76,13.99,-2.3,-2.3
THETA/USDT,-2809.69,-4.93,pump_lock_2pct,False,A,74.0,40.0,24.0,3.7,2.09,26231.19,1.1,1.34,0.52,2.2,5.31,5.31,-0.86,-1.01
PEPE/USDT,-891.27,-6.95,pump_probe_kill,False,B,149.0,47.0,14.0,2.6,0.0,3886907413.55,-5.34,-5.65,0.57,-1.3,0.57,5.24,-10.95,-13.44
PEOPLE/USDT,2552.21,5.14,pump_lock_2pct,False,A,55.0,36.0,38.0,9.8,0.05,1144070.13,0.13,2.6,2.98,5.99,2.96,8.66,-1.55,-1.55
PEPE/USDT,-2047.58,-3.94,pump_probe_kill,False,A,71.0,43.0,31.0,4.7,0.0,11887942423.47,-2.21,-1.25,0.67,-1.25,1.15,3.55,-5.58,-5.58
FLOKI/USDT,39066.82,44.93,pump_trailing_stop,True,B,66.0,65.0,23.0,8.0,0.0,961246170.07,-0.53,3.95,2.93,3.98,3.11,6.26,-2.06,-2.67
QUICK/USDT,-1235.55,-4.48,pump_stagnation_exit,False,B,60.0,56.0,46.0,57.7,0.1,263181.05,-4.61,-5.28,-3.67,1.02,2.01,4.03,-7.0,-8.43
QTUM/USDT,4819.58,7.96,pump_lock_2pct,False,A,51.0,40.0,32.0,14.7,5.58,11140.96,4.15,0.06,-0.07,7.98,7.21,12.95,-1.39,-3.38
QTUM/USDT,-4064.81,-10.48,pump_initial_stop,False,B,58.0,48.0,28.0,29.2,6.09,6250.47,-5.35,-5.42,-4.97,-10.46,-0.03,-0.03,-5.93,-10.83
COTI/USDT,-17438.84,-26.16,pump_time_exit,True,B,94.0,52.0,40.0,2.8,0.18,298083.08,-0.29,5.54,3.73,7.12,4.43,10.18,-4.06,-4.06
RSR/USDT,2174.32,6.44,pump_lock_2pct,False,B,41.0,48.0,16.0,4.2,0.01,5912909.27,6.57,6.57,6.57,6.57,13.18,13.18,-0.07,-0.07
NEAR/USDT,2497.32,8.8,pump_lock_2pct,False,B,23.0,40.0,23.0,4.1,5.38,5403.77,-0.68,8.83,8.83,8.83,0.67,10.71,-4.12,-4.12
NEAR/USDT,-1267.93,-4.01,pump_stagnation_exit,False,B,33.0,46.0,22.0,4.1,5.86,5149.37,-2.1,0.58,1.38,-1.07,0.09,5.7,-3.51,-3.51
RSR/USDT,-4609.6,-3.59,pump_lock_2pct,True,A,53.0,54.0,19.0,4.9,0.01,18685074.29,4.61,4.16,4.34,3.91,7.76,7.76,-1.15,-1.15
ANKR/USDT,-1099.08,-3.63,pump_breakeven,False,B,26.0,31.0,23.0,7.1,0.05,551286.39,-3.58,-3.58,-3.58,-3.58,8.84,8.84,-6.26,-6.26
AI/USDT,-864.79,-3.63,pump_stagnation_exit,False,B,28.0,44.0,18.0,2.7,2.18,10366.46,-5.19,-2.53,-1.1,-4.09,1.33,1.33,-7.8,-7.8
NFP/USDT,-908.0,-2.98,pump_3h_down,False,B,12.0,31.0,13.0,3.1,0.93,30749.0,4.12,-0.07,-0.87,-2.99,4.27,4.27,-1.11,-3.19
ANKR/USDT,-2515.88,-8.61,pump_3h_down,False,B,34.0,35.0,26.0,14.0,0.06,513455.3,-4.14,-8.02,-8.6,-8.6,1.64,1.64,-5.06,-11.56
RAY/USDT,1894.45,6.94,pump_lock_2pct,False,B,29.0,27.0,16.0,3.3,1.49,18873.77,-0.28,6.98,6.98,6.98,0.8,11.26,-4.47,-4.47
JTO/USDT,-1441.57,-4.94,pump_3h_down,False,B,4.0,21.0,11.0,2.5,3.07,9154.39,-1.64,-2.29,-4.9,-4.9,0.05,0.05,-4.16,-5.45
RAY/USDT,-2984.95,-8.6,pump_3h_down,False,B,37.0,34.0,23.0,5.8,1.59,21293.8,-3.54,-4.38,0.08,-2.27,0.9,1.56,-7.34,-7.34
FIDA/USDT,-1030.08,-3.49,pump_probe_kill,False,B,24.0,24.0,16.0,9.1,0.5,56414.11,0.41,0.6,-2.43,-5.34,3.24,3.24,-0.74,-5.52
DEXE/USDT,8626.84,15.93,pump_lock_2pct,False,A,54.0,38.0,20.0,5.5,10.23,5368.69,1.74,15.9,15.9,15.9,4.55,19.8,-0.39,-0.39
ACH/USDT,-1880.25,-6.65,pump_3h_down,False,B,20.0,24.0,15.0,8.2,0.04,782845.02,-2.56,-3.3,-2.7,-3.95,0.55,0.55,-2.67,-4.69
DEXE/USDT,-2045.4,-6.22,pump_probe_kill,False,A,83.0,60.0,36.0,8.0,11.87,2686.04,-2.03,-3.42,2.35,-7.44,2.82,2.82,-7.2,-9.4
SANTOS/USDT,1573.46,5.77,pump_lock_2pct,False,B,25.0,24.0,24.0,8.6,8.37,3375.4,5.75,5.75,5.75,5.75,17.7,17.7,-0.36,-0.36
YGG/USDT,-1486.92,-4.15,pump_lock_2pct,False,B,42.0,30.0,22.0,7.7,0.84,40658.56,-4.09,-4.09,-4.09,-4.09,10.25,10.25,-6.08,-6.08
WLD/USDT,-105.98,0.11,pump_stagnation_exit,True,A,57.0,43.0,16.0,3.4,10.57,10781.49,0.5,1.95,-2.11,-1.27,1.26,3.2,-2.75,-4.84
IQ/USDT,2698.4,2.57,pump_stagnation_exit,True,B,42.0,29.0,17.0,13.1,0.01,9309463.26,-1.39,0.14,0.47,0.64,0.07,4.36,-3.41,-3.41
IQ/USDT,16009.84,28.15,pump_lock_2pct,False,A,57.0,58.0,21.0,2.4,0.01,3865946.84,-3.97,-1.34,28.12,28.12,3.85,32.51,-4.45,-8.3
NMR/USDT,-5511.45,-4.59,pump_stagnation_exit,True,B,36.0,33.0,24.0,6.7,52.35,2190.41,2.53,-5.69,-3.43,-0.76,3.35,3.71,-0.91,-6.01
POWR/USDT,-1582.11,-5.04,pump_probe_kill,False,B,27.0,24.0,19.0,14.5,0.49,61722.06,6.89,0.38,-0.32,-4.99,7.71,7.71,-1.03,-5.38
CELO/USDT,-2094.68,-5.62,pump_3h_down,False,B,47.0,46.0,44.0,22.6,1.69,21302.87,-1.04,-1.2,-5.6,-5.6,7.37,7.37,-3.45,-6.63
CELO/USDT,-375.21,-0.85,pump_breakeven,False,B,45.0,43.0,33.0,39.1,1.66,21474.13,3.09,2.79,1.48,4.55,4.1,6.14,-0.05,-0.05
GLMR/USDT,-4042.91,-3.75,pump_time_exit,True,B,33.0,28.0,14.0,3.7,0.66,151235.65,-1.13,0.28,0.93,2.33,7.04,7.04,-1.14,-3.46
AMP/USDT,7345.62,15.68,pump_lock_2pct,False,A,53.0,56.0,16.0,9.3,0.01,6038108.54,0.53,15.8,15.8,15.8,5.57,26.74,-2.83,-2.83
AMP/USDT,10466.32,22.46,pump_lock_2pct,False,A,77.0,79.0,40.0,5.6,0.01,5164484.12,3.11,22.53,22.53,22.53,3.11,31.56,-5.58,-5.58
ZIL/USDT,-2825.54,-8.72,pump_3h_down,False,B,25.0,21.0,19.0,4.9,0.04,712134.06,-2.88,-5.04,-4.09,-7.22,0.96,0.96,-4.86,-8.0
SSV/USDT,386.36,0.56,pump_lock_2pct,True,B,35.0,25.0,23.0,2.6,50.64,2086.73,1.61,3.09,3.27,6.53,4.61,7.14,-1.27,-1.27
RAY/USDT,-2323.3,-14.5,pump_3h_down,False,B,94.0,87.0,40.0,3.7,2.63,6021.88,-4.09,-3.88,-6.08,-14.52,1.58,1.58,-6.42,-17.48
FIDA/USDT,-3113.42,-10.39,pump_3h_down,False,B,26.0,41.0,16.0,3.1,0.69,42852.99,-5.36,-3.03,-5.77,-10.36,2.21,2.21,-6.97,-12.13
PHA/USDT,-2430.46,-6.84,pump_3h_down,False,A,47.0,52.0,14.0,3.8,0.31,113123.51,0.7,-0.97,-1.65,0.28,6.4,6.4,-0.74,-2.67
RLC/USDT,-3214.26,-2.95,pump_stagnation_exit,True,B,2.0,20.0,16.0,7.3,4.16,24494.76,-0.12,-0.99,1.32,1.2,0.84,2.45,-1.28,-1.28
MASK/USDT,-1361.45,-4.39,pump_probe_kill,False,B,18.0,25.0,17.0,8.6,5.35,5540.87,0.62,0.6,1.43,-3.47,3.65,3.65,-0.95,-5.05
POLYX/USDT,2362.06,9.01,pump_lock_2pct,False,B,29.0,45.0,11.0,1.9,0.3,89933.14,0.45,9.0,9.0,9.0,1.86,13.22,-0.75,-2.09
STX/USDT,-1067.12,-0.88,pump_stagnation_exit,True,B,22.0,23.0,13.0,2.0,3.39,28969.35,1.51,0.04,0.83,1.14,4.65,4.65,-0.82,-1.17
AXL/USDT,-682.92,-2.75,pump_3h_down,False,B,9.0,30.0,17.0,8.6,2.11,10970.94,-1.64,-1.8,-2.67,-2.67,0.35,1.62,-2.25,-3.86
DUSK/USDT,1786.02,7.99,pump_lock_2pct,False,B,23.0,40.0,13.0,3.8,0.41,56463.91,2.68,1.99,5.06,6.54,3.74,8.06,-0.35,-0.35
RSR/USDT,945.55,2.62,pump_lock_2pct,False,A,49.0,47.0,21.0,5.9,0.01,4752616.88,-0.01,4.08,8.26,10.24,2.74,11.64,-2.16,-2.16
DEXE/USDT,-1414.79,-5.75,pump_3h_down,False,B,36.0,24.0,13.0,3.6,13.63,1745.12,-3.19,-3.69,-5.72,-5.72,1.5,1.5,-7.28,-7.45
XEC/USDT,1582.24,6.98,pump_breakeven,False,B,26.0,25.0,16.0,5.9,0.0,384829591.16,-2.14,7.07,7.07,7.07,0.03,8.19,-3.74,-3.74
XEC/USDT,-34.86,0.05,pump_stagnation_exit,False,B,40.0,31.0,23.0,16.7,0.0,366665910.74,-0.34,0.98,3.3,2.7,4.15,6.75,-2.11,-2.11
WIF/USDT,-238.9,-0.8,pump_stagnation_exit,False,B,20.0,20.0,15.0,2.4,2.8,8513.65,-0.16,0.78,-2.54,-1.29,1.98,1.98,-0.75,-3.46
ICP/USDT,-18.04,0.12,pump_stagnation_exit,False,B,27.0,23.0,11.0,3.4,16.95,1401.59,-0.93,-0.49,-2.88,-0.56,0.46,0.46,-3.07,-3.29
POLYX/USDT,61188.09,51.11,pump_trailing_stop,True,B,39.0,62.0,22.0,1.9,0.33,335116.37,4.77,8.12,20.5,16.48,5.85,26.98,-0.26,-0.26
YGG/USDT,331.23,0.61,pump_lock_2pct,True,A,51.0,29.0,16.0,4.9,1.21,65260.92,1.94,3.35,7.23,5.0,5.29,8.93,-1.09,-1.09
CVC/USDT,-1292.24,-4.74,pump_3h_down,False,B,99.0,82.0,75.0,76.6,0.28,92080.98,-2.51,-2.76,-4.79,-4.79,0.09,0.09,-5.14,-7.57
CVC/USDT,1969.69,9.33,pump_lock_2pct,False,B,91.0,71.0,57.0,60.6,0.27,79590.79,4.48,4.41,9.53,9.53,7.94,10.82,-1.12,-1.12
ANKR/USDT,2992.7,8.31,pump_lock_2pct,False,B,31.0,28.0,10.0,2.0,0.06,644828.57,8.4,8.4,8.4,8.4,14.08,14.08,-1.52,-1.52
ANKR/USDT,-2534.42,-6.51,pump_3h_down,False,B,43.0,38.0,16.0,5.2,0.06,609207.9,2.35,2.62,-1.52,-1.87,4.98,5.25,-1.11,-2.6
T/USDT,-3307.49,-8.73,pump_3h_down,False,B,42.0,38.0,22.0,7.5,0.05,711369.79,2.96,-0.65,-5.64,-8.67,4.42,6.96,-2.41,-8.75
POLYX/USDT,-7754.24,-5.4,pump_lock_2pct,True,B,26.0,43.0,32.0,4.6,0.54,241368.13,2.53,2.21,6.45,7.63,4.24,9.73,-1.98,-1.98
ARPA/USDT,-3245.44,-8.42,pump_3h_down,False,B,23.0,28.0,15.0,4.8,0.11,335881.06,-1.92,-5.91,-8.36,-8.36,3.48,3.48,-4.23,-9.23
TFUEL/USDT,-1092.92,-4.9,pump_3h_down,False,B,23.0,27.0,23.0,164.1,0.1,204787.48,-3.8,-1.9,-3.28,-4.86,5.9,5.9,-5.38,-7.38
JTO/USDT,-944.11,-0.53,pump_lock_2pct,True,B,31.0,28.0,20.0,7.3,4.09,30306.86,6.18,3.22,6.5,6.05,7.04,9.02,-1.46,-1.46
PENDLE/USDT,-5804.98,-4.25,pump_lock_2pct,True,B,8.0,19.0,13.0,2.5,5.74,21439.4,6.17,12.67,11.86,9.23,6.26,16.27,-0.07,-0.07
VIC/USDT,-2195.69,-5.99,pump_3h_down,False,B,18.0,21.0,14.0,19.2,1.09,32540.07,-2.98,-5.77,-4.7,-5.42,0.59,0.59,-3.5,-7.0
BEL/USDT,-1203.14,-3.26,pump_3h_down,False,B,31.0,28.0,26.0,5.9,2.01,17328.42,-2.26,-2.91,-3.3,-3.3,-0.0,-0.0,-2.52,-4.79
BICO/USDT,2256.07,6.75,pump_breakeven,False,B,15.0,28.0,15.0,2.1,0.89,38928.66,6.76,6.76,6.76,6.76,8.06,8.06,-1.17,-1.17
ALCX/USDT,1737.88,5.15,pump_lock_2pct,False,B,29.0,28.0,25.0,58.8,39.03,900.5,5.07,5.07,5.07,5.07,11.56,11.56,-0.13,-0.13
SFP/USDT,-2711.49,-7.41,pump_3h_down,False,B,33.0,33.0,19.0,32.0,0.97,36946.88,-4.86,-5.05,-7.32,-7.32,0.62,0.62,-7.81,-8.14
NEO/USDT,1619.44,4.85,pump_lock_2pct,False,B,31.0,25.0,27.0,40.2,19.38,1798.48,1.09,5.94,6.81,5.01,2.07,8.31,-1.34,-1.34
CKB/USDT,64105.33,52.93,pump_trailing_stop,True,B,23.0,23.0,14.0,3.7,0.02,5489790.18,-1.17,1.99,4.91,5.53,1.35,6.81,-1.82,-1.82
ONG/USDT,-1310.82,-2.68,pump_3h_down,False,B,-3.0,46.0,18.0,2.1,0.54,83995.14,-5.04,-2.81,-1.65,-0.62,1.65,1.65,-5.45,-5.86
NEO/USDT,-2573.21,-5.47,pump_3h_down,False,B,-0.0,27.0,14.0,2.4,22.72,2000.47,-1.94,-0.93,-4.36,-5.42,0.13,2.06,-2.38,-5.95
LPT/USDT,-2367.83,-1.35,pump_stagnation_exit,True,B,9.0,19.0,17.0,3.3,13.29,11287.99,-2.09,-0.68,4.59,5.47,0.41,7.64,-2.72,-4.33
JTO/USDT,643.63,1.63,pump_stagnation_exit,False,B,13.0,19.0,15.0,2.0,3.14,14306.43,-3.34,-2.54,0.28,-0.07,0.96,0.96,-3.34,-4.32
ONG/USDT,-2972.38,-6.45,pump_initial_stop,False,B,33.0,35.0,12.0,2.0,0.65,68825.94,-2.08,-6.44,-6.24,-6.24,1.55,1.55,-2.2,-10.9
LSK/USDT,-4083.45,-8.94,pump_3h_down,False,B,28.0,26.0,16.0,3.9,1.79,25033.22,-4.3,-8.89,-8.95,-8.95,4.43,4.43,-4.58,-12.59
ONT/USDT,-1787.13,-3.88,pump_3h_down,False,B,20.0,41.0,10.0,2.3,0.39,112046.15,-3.3,-2.99,-3.04,-3.89,-0.05,-0.05,-5.32,-5.32
JTO/USDT,3331.24,2.49,pump_stagnation_exit,True,B,34.0,27.0,10.0,2.1,3.48,41876.24,2.02,2.37,2.19,2.94,3.76,4.51,-0.74,-0.74
PUNDIX/USDT,1599.74,3.95,pump_lock_2pct,False,B,31.0,34.0,14.0,3.2,0.71,59875.83,4.0,4.0,4.0,4.0,12.15,12.15,-0.05,-0.05
MTL/USDT,-2761.5,-6.06,pump_3h_down,False,B,22.0,20.0,13.0,10.2,1.79,24608.22,-4.23,-5.01,-5.96,-5.96,0.9,0.9,-4.84,-7.52
SAGA/USDT,1231.36,1.03,pump_stagnation_exit,True,B,7.0,29.0,17.0,3.3,4.17,35263.89,-0.62,2.8,1.65,2.32,1.87,5.68,-2.94,-2.94
USTC/USDT,-2519.75,-5.47,pump_3h_down,False,B,27.0,21.0,21.0,16.0,0.02,2074104.37,1.77,0.34,-2.65,-3.81,4.26,4.26,-1.96,-4.26
BONK/USDT,2120.54,7.34,pump_breakeven,False,B,38.0,31.0,20.0,7.5,0.0,1526207763.69,0.26,-3.49,-0.41,7.44,1.9,8.78,-0.36,-4.41
1000SATS/USDT,-12703.9,-6.46,pump_lock_2pct,True,B,37.0,23.0,21.0,4.5,0.0,515478702.51,3.62,7.73,6.76,9.9,5.7,11.22,-0.05,-0.05
HBAR/USDT,-4035.48,-17.44,pump_initial_stop,False,B,98.0,98.0,19.0,6.0,0.18,129406.0,-17.4,-17.4,-17.4,-17.4,0.97,0.97,-18.64,-18.64
BONK/USDT,3088.47,2.38,pump_stagnation_exit,True,B,30.0,36.0,12.0,2.7,0.0,5121234162.69,-2.8,-2.69,-2.87,-2.06,0.39,0.39,-3.2,-5.73
ALGO/USDT,-2840.67,-6.71,pump_3h_down,False,B,26.0,24.0,18.0,19.8,0.24,172234.65,1.21,-4.53,-7.33,-4.15,2.84,2.84,-2.1,-8.46
T/USDT,-3033.58,-7.14,pump_3h_down,False,B,21.0,26.0,17.0,2.5,0.04,974537.97,-1.32,-5.3,-7.04,-7.04,0.92,0.92,-2.38,-8.06
ETHFI/USDT,-1011.21,-2.27,pump_3h_down,False,B,21.0,31.0,15.0,5.4,4.42,9269.06,-0.39,-0.77,-2.22,-2.22,1.92,1.92,-2.34,-3.4
W/USDT,-1826.62,-4.28,pump_probe_kill,False,B,15.0,18.0,13.0,2.7,0.76,53341.2,-5.54,-5.81,-3.71,-5.28,1.0,1.0,-5.94,-7.51
POND/USDT,-1713.74,-4.89,pump_3h_down,False,B,16.0,20.0,15.0,23.2,0.02,1523594.37,0.76,-1.86,-1.45,-4.02,4.47,4.47,-2.4,-4.61
REZ/USDT,-3253.17,-9.6,pump_initial_stop,False,B,19.0,26.0,30.0,4.2,0.2,163642.29,-3.15,-9.56,-9.56,-9.56,1.23,1.23,-3.94,-10.2
REZ/USDT,-935.54,-2.7,pump_stagnation_exit,False,B,32.0,22.0,13.0,5.9,0.19,168024.35,-1.82,-4.01,-3.33,-1.72,0.37,0.37,-4.38,-5.89
GLM/USDT,1929.75,6.24,pump_lock_2pct,False,B,15.0,22.0,15.0,3.6,0.53,60196.74,6.26,6.26,6.26,6.26,10.44,10.44,-0.28,-0.28
GLM/USDT,449.07,1.58,pump_stagnation_exit,False,B,24.0,27.0,23.0,8.5,0.56,57628.16,1.31,-0.28,-0.53,2.04,2.31,3.42,-1.41,-2.6
USTC/USDT,-2545.09,-7.6,pump_3h_down,False,B,33.0,31.0,29.0,33.4,0.03,1287225.57,4.14,-1.62,-4.46,-7.55,6.27,6.27,-2.23,-9.26
TRB/USDT,57321.83,36.68,pump_trailing_stop,True,B,10.0,33.0,24.0,7.2,60.18,2258.39,4.37,19.04,19.59,22.05,6.83,24.29,-0.35,-0.35
ASR/USDT,-3542.84,-7.16,pump_3h_down,False,B,21.0,33.0,33.0,76.2,4.28,11269.69,-6.15,-5.12,-6.81,-7.11,0.32,0.32,-7.11,-8.96
LPT/USDT,-4759.97,-9.8,pump_3h_down,False,B,27.0,32.0,15.0,2.3,19.68,2422.21,-4.59,-8.7,-9.82,-9.82,2.65,2.65,-4.81,-10.41
GMX/USDT,1937.66,4.32,pump_lock_2pct,False,B,24.0,22.0,15.0,10.0,31.18,1508.55,4.38,4.38,4.38,4.38,10.31,10.31,-0.05,-0.05
GMX/USDT,-4009.7,-8.3,pump_3h_down,False,B,30.0,29.0,19.0,25.6,32.56,1450.89,-3.98,-5.7,-8.22,-8.22,-0.02,-0.02,-5.09,-8.4
QI/USDT,-1461.37,-2.9,pump_probe_kill,False,B,13.0,21.0,16.0,5.3,0.02,2643441.95,-6.32,-7.33,-7.21,0.17,0.62,1.57,-6.54,-8.44
PEOPLE/USDT,8562.05,9.43,pump_lock_2pct,False,A,52.0,29.0,22.0,3.8,0.05,2012197.47,9.49,9.49,9.49,9.49,11.01,11.01,-0.57,-0.57
PEOPLE/USDT,-6869.6,-3.39,pump_stagnation_exit,True,A,66.0,45.0,30.0,4.1,0.05,3775531.14,-2.46,-1.73,0.96,3.12,1.32,5.15,-5.25,-5.85
LPT/USDT,-1830.01,-3.64,pump_3h_down,False,B,15.0,24.0,18.0,4.8,20.81,2292.42,-0.76,-4.33,-2.14,-2.27,0.81,0.81,-1.8,-5.16
OSMO/USDT,-3434.75,-7.21,pump_3h_down,False,B,14.0,22.0,15.0,5.2,0.94,49189.11,-5.72,-6.43,-7.27,-7.27,0.18,0.18,-8.02,-8.02
BOME/USDT,-2190.73,-4.58,pump_3h_down,False,B,31.0,28.0,17.0,2.2,0.01,3491082.24,-2.43,-2.95,-2.9,-3.8,0.29,0.29,-3.28,-4.81
RSR/USDT,-2083.63,-4.38,pump_3h_down,False,B,35.0,20.0,15.0,2.0,0.01,4577393.49,2.54,-2.55,-0.69,-3.06,4.51,4.51,-1.4,-4.76
PENDLE/USDT,1400.25,1.12,pump_stagnation_exit,True,B,24.0,26.0,11.0,2.3,5.93,25582.32,1.32,1.81,0.98,1.59,2.63,3.54,-1.94,-1.94
ENS/USDT,-1890.05,-1.04,pump_stagnation_exit,True,B,22.0,25.0,23.0,14.3,18.04,8380.59,-2.71,-2.05,-2.16,0.89,0.95,2.94,-2.93,-4.04
XAI/USDT,-1178.56,-2.41,pump_probe_kill,False,B,16.0,25.0,15.0,4.3,0.74,60738.35,-0.61,-2.54,-2.52,-2.48,1.58,1.58,-0.98,-3.88
ENS/USDT,1669.38,1.28,pump_lock_2pct,True,B,34.0,39.0,12.0,6.2,20.36,7394.06,1.72,3.49,3.68,1.67,2.9,8.0,-0.3,-0.3
BB/USDT,104420.67,55.35,pump_trailing_stop,True,B,45.0,40.0,23.0,3.5,0.46,392060.41,0.51,0.77,5.91,2.66,3.35,7.95,-1.61,-1.61
NOT/USDT,152207.51,58.35,pump_trailing_stop,True,A,52.0,39.0,13.0,3.8,0.01,33745824.95,6.09,6.65,8.05,14.3,7.35,17.54,-1.66,-1.66
HIGH/USDT,2192.79,3.74,pump_lock_2pct,False,B,32.0,21.0,17.0,7.9,5.78,10730.96,-0.55,-1.9,1.63,1.58,0.9,3.19,-2.09,-2.87
ATM/USDT,-4932.56,-1.77,pump_lock_2pct,True,B,15.0,18.0,15.0,94.0,3.46,68535.71,-1.29,-2.8,-0.14,-1.64,2.61,2.61,-1.67,-3.2
FLOKI/USDT,-4081.75,-1.24,pump_stagnation_exit,True,B,30.0,21.0,14.0,2.1,0.0,851880195.29,1.87,2.71,-0.46,1.41,4.58,4.58,-1.45,-2.29
FIDA/USDT,-2979.47,-3.4,pump_stagnation_exit,False,B,32.0,28.0,27.0,27.8,0.39,213712.5,-5.11,-1.37,-1.26,0.05,1.06,6.2,-6.12,-7.98
BB/USDT,4326.18,1.74,pump_stagnation_exit,True,B,17.0,20.0,19.0,5.2,0.81,340942.46,1.47,0.85,3.35,3.24,3.21,4.87,-2.73,-2.73
SYN/USDT,6667.22,8.25,pump_lock_2pct,False,B,19.0,33.0,16.0,7.2,0.73,113918.87,8.34,8.34,8.34,8.34,16.1,16.1,-1.97,-1.97
SYN/USDT,-8230.48,-9.62,pump_initial_stop,False,B,30.0,45.0,21.0,8.6,0.79,106402.15,-6.95,-9.55,-9.55,-9.55,0.56,0.56,-7.8,-10.62
TRB/USDT,-7055.19,-8.3,pump_initial_stop,False,B,12.0,22.0,18.0,5.1,106.96,776.36,-8.27,-8.27,-8.27,-8.27,1.9,1.9,-10.04,-10.04
INJ/USDT,-4941.74,-5.86,pump_3h_down,False,B,18.0,22.0,14.0,3.1,32.63,2502.13,-1.49,-1.83,-5.81,-5.81,-0.05,-0.05,-2.72,-6.15
LPT/USDT,-2612.99,-0.76,pump_stagnation_exit,True,B,13.0,24.0,15.0,2.9,25.03,10871.45,2.06,4.87,0.89,-3.85,2.87,5.26,-1.65,-4.12
ONG/USDT,-2961.73,-3.48,pump_3h_down,False,B,7.0,21.0,17.0,25.3,0.35,227035.53,-0.61,-1.38,-0.67,-2.48,1.05,1.05,-1.91,-3.27
FET/USDT,-1330.64,-1.46,pump_3h_down,False,B,7.0,20.0,15.0,2.5,1.69,47487.91,0.31,1.02,-1.3,-0.47,1.73,1.73,-2.07,-2.3
ENS/USDT,-8669.59,-3.04,pump_stagnation_exit,True,B,18.0,27.0,14.0,3.3,32.47,8199.03,0.57,1.15,0.54,0.66,1.4,1.4,-1.16,-1.16
HIGH/USDT,2744.24,3.7,pump_stagnation_exit,False,B,-12.0,20.0,14.0,2.5,1.53,51452.88,-0.05,1.06,1.26,1.78,3.22,3.42,-2.6,-2.6
XAI/USDT,-4632.15,-5.82,pump_3h_down,False,B,-3.0,26.0,16.0,3.2,0.35,219295.61,0.26,-1.47,-1.64,0.78,1.63,3.08,-1.1,-3.95
AXL/USDT,159.16,0.26,pump_lock_2pct,True,B,0.0,25.0,20.0,4.0,0.62,422816.91,1.26,2.05,-0.37,3.41,3.32,3.95,-1.79,-1.79
SEI/USDT,-2267.66,-2.7,pump_3h_down,False,B,19.0,18.0,12.0,2.8,0.34,228757.05,-0.63,-0.55,-0.75,-2.65,1.18,1.18,-0.81,-2.74
1000SATS/USDT,126.81,0.24,pump_stagnation_exit,True,B,38.0,18.0,16.0,3.0,0.0,1717193150.08,0.83,-0.16,1.22,0.56,1.93,1.93,-0.71,-1.81
MOVR/USDT,-5422.25,-6.76,pump_3h_down,False,B,24.0,19.0,14.0,10.8,11.52,6765.92,-3.49,-6.62,-6.68,-6.68,1.28,1.28,-6.31,-8.28
VIC/USDT,-3723.46,-4.63,pump_3h_down,False,B,29.0,20.0,13.0,55.2,0.38,202158.12,-2.59,-2.96,-2.07,-4.14,1.5,1.5,-2.96,-4.9
1000SATS/USDT,2689.28,1.24,pump_stagnation_exit,True,B,13.0,22.0,20.0,3.9,0.0,1033250263.53,2.41,0.51,2.37,2.89,2.85,7.98,-1.3,-1.3
WLD/USDT,1010.34,0.59,pump_stagnation_exit,True,B,24.0,24.0,16.0,5.6,2.25,111689.41,-0.67,1.68,0.22,3.91,1.64,5.73,-2.01,-2.01
FLOKI/USDT,-11344.92,-4.04,pump_breakeven,True,B,30.0,24.0,10.0,3.3,0.0,1421231082.06,-1.39,0.14,1.24,2.31,0.57,4.37,-1.96,-1.96
PEPE/USDT,-4030.86,-5.26,pump_3h_down,False,B,39.0,26.0,15.0,1.9,0.0,6055476393.7,-0.38,0.61,0.93,-3.08,0.52,2.9,-1.52,-4.06
DYM/USDT,2358.58,3.31,pump_stagnation_exit,False,B,28.0,19.0,14.0,3.2,1.67,45438.09,-4.54,-4.24,-2.86,-1.79,0.55,0.55,-4.84,-5.38
DYM/USDT,-1249.65,-2.02,pump_stagnation_exit,False,B,41.0,30.0,13.0,2.0,1.88,30058.33,-2.61,-0.74,-1.17,0.48,0.43,0.75,-3.46,-3.46
WLD/USDT,-3628.54,-0.96,pump_lock_2pct,True,B,44.0,33.0,21.0,3.4,2.62,114175.32,1.21,7.69,6.05,6.55,5.78,9.9,-0.7,-0.7
BONK/USDT,-1655.32,-2.02,pump_stagnation_exit,False,B,12.0,21.0,15.0,3.9,0.0,2351087832.06,0.23,-0.21,-1.0,-0.43,0.71,2.03,-1.53,-1.79
ZRO/USDT,-3535.98,-1.16,pump_lock_2pct,True,B,17.0,23.0,16.0,5.0,4.79,51604.86,0.51,0.6,7.94,7.0,1.08,8.88,-1.84,-1.84
CFX/USDT,-3034.34,-1.0,pump_stagnation_exit,True,B,8.0,19.0,11.0,2.9,0.17,1451936.64,0.42,2.08,1.96,4.15,0.66,4.32,-0.4,-0.4
PUNDIX/USDT,-1490.77,-1.84,pump_3h_down,False,B,20.0,22.0,14.0,2.3,0.49,148031.54,3.47,-0.41,0.13,-0.41,4.21,4.21,-1.99,-1.99
BOME/USDT,-598.25,-0.04,pump_stagnation_exit,True,B,22.0,21.0,12.0,2.8,0.01,23865391.35,1.49,1.55,3.64,2.59,2.52,3.97,-0.46,-0.46
PENDLE/USDT,923.9,1.47,pump_lock_2pct,False,B,-8.0,34.0,20.0,2.5,2.74,26611.26,-1.69,1.56,1.56,1.56,2.07,11.3,-3.95,-4.14
TRB/USDT,-4256.11,-5.63,pump_3h_down,False,B,-5.0,31.0,21.0,2.2,61.08,1196.18,-3.11,-4.5,-3.86,-2.98,1.37,1.37,-3.31,-4.73
WIF/USDT,-4515.11,-6.04,pump_probe_kill,False,B,11.0,28.0,17.0,2.7,1.75,41388.46,-0.28,-0.28,-1.25,0.06,0.92,1.26,-0.96,-2.51
ZK/USDT,-3082.58,-4.08,pump_3h_down,False,B,24.0,18.0,13.0,2.8,0.12,610817.59,-2.85,-3.78,-4.03,-4.03,0.46,0.46,-3.19,-4.29
QKC/USDT,6970.98,2.61,pump_stagnation_exit,True,B,38.0,31.0,28.0,49.1,0.01,33922017.93,1.24,2.46,3.07,2.59,4.62,7.31,-0.22,-0.3
REZ/USDT,-502.2,-0.49,pump_stagnation_exit,False,B,33.0,28.0,16.0,3.3,0.05,1428743.19,3.7,5.48,3.31,1.93,4.1,6.67,-0.64,-0.64
QKC/USDT,-4183.23,-8.0,pump_initial_stop,False,B,94.0,87.0,41.0,3.7,0.01,4135329.93,-7.97,-7.97,-7.97,-7.97,0.36,0.36,-14.03,-14.03
QKC/USDT,-9839.76,-11.09,pump_3h_down,False,A,80.0,72.0,30.0,4.6,0.01,7667884.11,-1.99,-1.84,-6.08,-11.06,2.92,2.92,-3.91,-12.89
T/USDT,-2217.89,-4.29,pump_3h_down,False,B,32.0,19.0,16.0,9.0,0.02,2093815.93,-2.76,-3.65,-4.2,-4.2,0.03,0.03,-2.97,-4.5
T/USDT,-5980.52,-7.17,pump_probe_kill,False,A,53.0,38.0,29.0,4.1,0.03,2844359.61,0.9,-2.15,-5.02,-3.76,5.62,5.62,-3.27,-7.89
SAGA/USDT,-348.77,-0.54,pump_stagnation_exit,False,B,29.0,30.0,30.0,7.8,1.64,28540.89,1.87,2.98,2.1,-1.5,2.79,5.12,-1.07,-1.73
BANANA/USDT,-1910.88,-3.88,pump_3h_down,False,B,13.0,21.0,15.0,7.2,43.05,1087.8,0.62,0.14,-0.1,-0.56,1.69,1.69,-1.61,-1.61
SUI/USDT,-3459.16,-0.94,pump_lock_2pct,True,B,49.0,27.0,10.0,2.0,0.79,365631.08,4.06,7.73,7.22,5.75,4.84,10.06,-0.57,-0.57
LISTA/USDT,-1854.36,-2.53,pump_breakeven,False,B,22.0,36.0,29.0,15.8,0.44,155920.34,-0.85,-2.5,-2.5,-2.5,4.49,9.62,-3.85,-3.85
BB/USDT,-3226.7,-4.55,pump_3h_down,False,B,5.0,30.0,19.0,3.7,0.33,207339.36,-4.62,-1.12,-3.4,-4.5,0.59,1.05,-5.35,-5.69
TLM/USDT,7403.16,5.71,pump_lock_2pct,False,A,65.0,56.0,51.0,11.2,0.01,8986758.04,5.83,5.83,5.83,5.83,13.5,13.5,-2.52,-2.52
TLM/USDT,-7751.71,-9.24,pump_initial_stop,False,B,71.0,68.0,60.0,18.6,0.02,5183893.8,-9.2,-9.2,-9.2,-9.2,3.86,3.86,-10.4,-10.4
TLM/USDT,-4929.3,-7.18,pump_3h_down,False,B,55.0,47.0,42.0,22.5,0.01,4643092.6,-2.34,-5.68,-7.07,-7.07,1.89,1.89,-5.61,-8.8
RARE/USDT,-449.9,-2.59,pump_stagnation_exit,False,B,222.0,48.0,33.0,2.4,0.3,53604.42,2.21,-6.58,-8.87,-5.52,2.9,2.9,-8.04,-11.13
TLM/USDT,-10436.95,-5.54,pump_stagnation_exit,True,B,44.0,37.0,20.0,16.9,0.01,13242797.96,-3.41,-1.92,2.42,0.47,5.18,5.18,-4.83,-4.83
FLUX/USDT,-7486.23,-9.19,pump_3h_down,False,B,37.0,35.0,29.0,145.9,0.63,126225.11,-5.97,-6.38,-9.17,-9.17,0.33,0.33,-7.19,-9.21
NMR/USDT,-947.6,-0.3,pump_stagnation_exit,True,B,38.0,30.0,19.0,5.7,15.68,11949.9,0.91,-2.15,0.01,0.33,4.67,4.67,-1.96,-3.18
RSR/USDT,-3952.66,-5.39,pump_3h_down,False,B,36.0,22.0,16.0,4.0,0.01,12486518.59,3.46,-2.61,-4.65,-5.32,3.69,4.04,-2.01,-7.32
MBOX/USDT,1030.4,1.84,pump_breakeven,False,B,31.0,18.0,20.0,3.2,0.17,370054.09,2.18,2.18,2.18,2.18,9.23,9.23,-3.28,-3.28
MBOX/USDT,-2696.6,-4.07,pump_3h_down,False,B,34.0,22.0,20.0,5.9,0.17,363906.43,-0.05,-3.51,-4.02,-4.02,4.21,4.21,-3.45,-5.12
SUN/USDT,4170.57,6.84,pump_lock_2pct,False,B,19.0,27.0,14.0,4.4,0.01,4797252.79,6.9,6.9,6.9,6.9,10.33,10.33,-1.65,-1.65
SUN/USDT,2747.17,4.54,pump_breakeven,False,B,26.0,37.0,19.0,7.1,0.01,4525632.86,4.52,4.52,4.52,4.52,8.52,8.52,-1.41,-1.41
BTTC/USDT,-2911.1,-4.4,pump_probe_kill,False,B,26.0,24.0,22.0,35.0,0.0,68127806444.3,-6.5,-5.42,-7.57,-6.5,1.02,1.02,-6.5,-9.72
QUICK/USDT,-3690.46,-4.66,pump_probe_kill,False,B,40.0,36.0,28.0,35.3,0.04,1915833.75,1.84,0.25,0.05,-1.39,4.23,6.53,-2.7,-2.7
MOVR/USDT,-11798.18,-5.35,pump_stagnation_exit,True,B,32.0,29.0,28.0,27.5,10.75,19477.76,-0.42,-0.52,1.71,0.61,1.77,5.64,-2.81,-2.81
IO/USDT,-3651.76,-5.79,pump_3h_down,False,B,18.0,21.0,16.0,3.5,1.97,31017.27,-3.2,-4.83,-5.74,-5.74,1.32,1.32,-4.27,-7.21
SUN/USDT,3442.75,11.1,pump_lock_2pct,False,B,114.0,18.0,28.0,2.6,0.02,1428574.53,0.22,0.94,11.02,11.02,3.29,14.36,-6.65,-6.65
RPL/USDT,1395.81,2.5,pump_lock_2pct,False,B,24.0,19.0,18.0,34.1,14.25,4272.13,2.55,2.55,2.55,2.55,12.3,12.3,-0.82,-0.82
TRB/USDT,-1488.06,-2.24,pump_3h_down,False,B,27.0,24.0,22.0,13.2,70.01,871.39,-1.65,-4.35,-1.48,-1.92,2.74,2.74,-3.89,-5.26
RPL/USDT,-3642.15,-5.78,pump_3h_down,False,B,26.0,19.0,19.0,51.3,14.44,4224.93,-1.5,-3.31,-3.03,-4.83,2.1,2.1,-1.64,-5.73
LPT/USDT,2449.8,4.51,pump_stagnation_exit,False,B,35.0,23.0,15.0,4.0,14.68,3876.53,1.43,5.08,4.2,3.56,3.52,6.16,-0.78,-0.78
SUN/USDT,5917.69,13.87,pump_lock_2pct,False,B,117.0,45.0,15.0,1.8,0.03,1283206.67,0.25,13.92,13.92,13.92,2.56,19.9,-1.89,-1.89
SUN/USDT,-1494.96,-3.5,pump_probe_kill,False,B,147.0,56.0,20.0,1.8,0.04,1050218.28,-3.35,-5.3,-4.13,-5.71,6.76,6.76,-7.3,-7.3
GMX/USDT,-1622.8,-2.55,pump_breakeven,False,B,34.0,29.0,25.0,5.9,33.81,1744.71,-2.56,-2.56,-2.56,-2.56,9.0,9.0,-2.83,-2.83
HOT/USDT,3116.77,5.53,pump_breakeven,False,B,32.0,21.0,14.0,5.1,0.0,28423375.4,5.59,5.59,5.59,5.59,8.16,8.16,-0.1,-0.1
GMX/USDT,-4087.22,-6.68,pump_3h_down,False,B,36.0,30.0,27.0,24.9,34.16,1739.95,-3.59,-5.64,-4.79,-5.82,0.62,0.62,-4.59,-6.52
CYBER/USDT,-1208.74,-1.88,pump_stagnation_exit,False,B,40.0,23.0,13.0,13.2,4.38,13279.1,1.89,5.06,3.58,2.07,5.29,6.98,-0.35,-0.35
TRB/USDT,-2034.14,-0.76,pump_lock_2pct,True,B,23.0,20.0,19.0,33.4,68.51,2967.57,0.75,4.8,2.68,3.37,1.56,6.18,-3.12,-3.12
VIC/USDT,-4980.81,-9.19,pump_3h_down,False,B,23.0,32.0,12.0,3.9,0.45,118644.75,-2.26,-6.24,-9.12,-9.12,0.13,0.13,-3.45,-9.97
CVC/USDT,-1971.07,-3.1,pump_probe_kill,False,B,21.0,20.0,12.0,19.6,0.11,560710.41,-2.49,-4.55,-3.42,-4.27,0.14,0.14,-2.86,-5.67
RPL/USDT,-3304.56,-5.35,pump_3h_down,False,B,19.0,28.0,27.0,54.3,11.99,4969.29,-0.72,-5.06,-3.39,-4.05,0.87,0.87,-1.8,-6.81
RARE/USDT,-1552.91,-2.43,pump_probe_kill,False,B,20.0,19.0,12.0,2.8,0.17,353300.16,-1.55,-2.5,-1.96,-2.8,1.86,1.86,-2.98,-3.4
PEOPLE/USDT,-602.3,-0.1,pump_stagnation_exit,True,B,19.0,19.0,11.0,6.1,0.06,3189313.96,1.51,1.85,1.1,1.85,2.22,4.45,-0.59,-0.59
CKB/USDT,1256.69,0.89,pump_stagnation_exit,True,A,57.0,55.0,28.0,9.1,0.01,13331991.2,-4.25,-5.05,-2.18,-1.73,0.14,0.14,-6.15,-6.15
SAGA/USDT,-2642.83,-4.29,pump_3h_down,False,B,13.0,20.0,15.0,3.1,1.62,36320.95,-1.87,-3.95,-4.22,-4.22,-0.04,-0.04,-1.97,-5.63
DYM/USDT,-1627.98,-2.58,pump_3h_down,False,B,14.0,22.0,22.0,6.1,1.65,35479.23,-0.6,-3.38,-1.38,-1.44,2.13,2.13,-1.38,-4.11
CKB/USDT,-1850.04,-2.98,pump_breakeven,False,B,28.0,19.0,16.0,2.1,0.02,3136024.19,4.52,4.23,-2.86,-2.86,7.2,9.16,-0.19,-4.55
PIXEL/USDT,-4945.67,-8.24,pump_3h_down,False,B,7.0,21.0,15.0,3.6,0.15,401419.01,0.57,-3.4,-5.25,-8.19,4.33,4.33,-0.46,-10.17
SEI/USDT,-1451.28,-0.56,pump_stagnation_exit,True,B,14.0,22.0,20.0,4.1,0.34,569059.56,1.83,0.49,0.58,0.34,2.84,2.84,-1.27,-1.27
SAGA/USDT,-4887.08,-4.07,pump_probe_kill,False,A,74.0,32.0,22.0,2.1,2.54,45052.8,-2.96,-5.55,-5.41,-6.68,-0.03,-0.03,-3.55,-7.14
KAVA/USDT,-2992.68,-5.14,pump_3h_down,False,B,34.0,29.0,20.0,3.0,0.41,137985.06,-0.49,-4.16,-5.07,-5.07,1.08,1.08,-5.29,-5.95
ALT/USDT,2184.73,3.48,pump_stagnation_exit,False,B,44.0,43.0,16.0,6.4,0.11,597001.85,-4.26,-7.58,-3.81,-2.38,2.28,2.28,-5.16,-7.94
TURBO/USDT,-1911.19,-4.19,pump_3h_down,False,B,38.0,25.0,28.0,5.2,0.01,6805609.06,-0.61,-1.45,-4.14,-4.14,1.85,1.85,-1.33,-4.25
FIDA/USDT,-40392.53,-17.46,pump_lock_2pct,True,B,32.0,37.0,30.0,19.2,0.31,602785.46,-4.32,5.68,30.21,33.45,2.25,42.74,-6.91,-6.91
ARDR/USDT,-2082.07,-1.61,pump_lock_2pct,True,A,48.0,41.0,19.0,8.1,0.1,1148575.83,-0.92,-2.06,3.32,5.49,1.69,6.48,-2.74,-4.04
DODO/USDT,1248.43,3.1,pump_lock_2pct,False,B,35.0,20.0,13.0,3.9,0.13,320830.54,-3.18,3.15,4.72,8.97,0.02,9.27,-4.07,-5.34
TAO/USDT,-2440.28,-4.71,pump_3h_down,False,B,34.0,23.0,18.0,4.5,565.58,87.92,-0.85,-3.55,-2.31,-4.13,0.04,0.04,-3.06,-4.65
ARKM/USDT,-1267.4,-2.35,pump_3h_down,False,B,15.0,19.0,18.0,4.8,1.42,34999.4,-2.37,-2.37,-0.97,-1.25,1.22,1.22,-2.87,-3.71
IQ/USDT,-4686.36,-9.34,pump_3h_down,False,B,31.0,29.0,23.0,28.0,0.01,6993453.87,-1.43,3.21,0.48,-0.43,0.55,4.44,-3.39,-3.81
FIDA/USDT,-2447.12,-1.29,pump_breakeven,True,B,16.0,28.0,25.0,16.4,0.37,435807.89,4.62,4.21,4.32,4.59,7.34,9.12,-2.07,-2.07
SAGA/USDT,-3659.61,-7.34,pump_3h_down,False,B,13.0,18.0,22.0,2.8,2.71,17891.61,3.16,1.39,-0.79,-1.62,5.7,5.7,-0.42,-2.11
1MBABYDOGE/USDT,-1286.29,-2.64,pump_probe_kill,False,B,28.0,22.0,23.0,14.7,0.0,18977431.51,-0.02,-3.7,-2.84,-3.75,1.73,1.73,-2.34,-4.61
TWT/USDT,-1330.83,-2.76,pump_3h_down,False,B,27.0,19.0,19.0,12.3,1.05,42774.86,-1.04,-2.52,-2.77,-2.77,0.51,0.51,-1.57,-3.67
NOT/USDT,-1932.01,-4.14,pump_3h_down,False,B,35.0,20.0,18.0,4.0,0.01,4288044.84,0.09,1.34,-0.94,-1.9,0.66,2.47,-3.44,-3.44
SUSHI/USDT,-2009.89,-4.37,pump_3h_down,False,B,22.0,19.0,12.0,4.6,0.89,49492.59,-1.96,-1.06,-2.19,-4.43,0.62,0.62,-2.07,-4.77
SEI/USDT,-3507.92,-1.92,pump_lock_2pct,True,B,11.0,19.0,13.0,3.7,0.43,369649.97,4.77,6.5,5.14,5.53,5.53,9.56,-0.6,-0.6
DIA/USDT,-1018.19,-0.46,pump_breakeven,True,B,25.0,20.0,14.0,46.3,0.5,306514.75,1.03,5.8,3.39,0.79,2.41,9.86,-0.83,-0.83
FTT/USDT,-3876.19,-8.26,pump_3h_down,False,B,21.0,30.0,23.0,6.5,2.53,18105.51,0.46,-5.42,-5.97,-5.46,2.44,2.44,-2.93,-8.28
DIA/USDT,414.77,1.11,pump_stagnation_exit,False,B,-9.0,33.0,31.0,6.9,0.79,57510.79,2.34,2.69,-0.77,-1.28,7.37,7.37,-1.59,-4.0
NEIRO/USDT,680.94,1.12,pump_breakeven,False,A,60.0,48.0,19.0,3.0,0.0,51813577.79,1.61,1.14,3.14,1.27,4.0,4.59,-1.38,-1.38
SAGA/USDT,-3254.31,-7.12,pump_3h_down,False,B,27.0,22.0,13.0,2.1,2.96,15026.84,-3.53,-3.07,-4.88,-2.86,1.27,1.27,-5.28,-5.28
CVC/USDT,-1760.07,-0.94,pump_lock_2pct,True,B,28.0,24.0,12.0,4.3,0.16,940977.5,2.82,3.31,3.38,4.81,4.12,5.93,-1.55,-1.55
ARKM/USDT,-829.98,-1.66,pump_3h_down,False,B,8.0,19.0,13.0,6.1,1.54,29039.66,-0.89,-0.7,-0.83,-1.67,0.4,0.4,-2.65,-2.65
ENA/USDT,2385.62,1.76,pump_stagnation_exit,True,B,19.0,20.0,18.0,3.7,0.33,457414.4,5.61,2.16,3.82,3.61,6.19,6.19,-0.3,-0.3
NEIRO/USDT,-489.49,-0.95,pump_stagnation_exit,False,B,29.0,38.0,15.0,2.1,0.0,19934630.1,-0.62,-1.83,1.45,0.22,1.41,3.36,-0.85,-2.04
CELR/USDT,1410.37,3.54,pump_stagnation_exit,False,B,19.0,19.0,14.0,35.5,0.01,2904651.66,-0.74,-1.15,-0.6,0.91,1.67,4.55,-2.73,-2.73
SPELL/USDT,-1688.78,-3.76,pump_3h_down,False,B,28.0,27.0,16.0,4.2,0.0,63539434.86,1.16,-1.15,-1.45,-3.7,4.13,4.13,-2.53,-4.42
BOME/USDT,992.88,2.56,pump_stagnation_exit,False,B,54.0,34.0,12.0,1.6,0.01,4183195.2,-0.62,-0.56,-0.6,-0.12,1.06,1.06,-2.39,-2.39
MEME/USDT,-1228.36,-2.69,pump_probe_kill,False,B,52.0,38.0,10.0,2.9,0.02,2756458.18,-3.55,-3.03,-5.89,-3.16,0.21,0.21,-4.01,-6.8
STORJ/USDT,-4377.54,-10.2,pump_initial_stop,False,B,26.0,19.0,19.0,2.1,0.75,56317.39,1.87,-10.17,-10.17,-10.17,3.83,3.83,-1.04,-11.11
APE/USDT,2830.16,10.76,pump_lock_2pct,False,B,100.0,90.0,13.0,4.2,1.39,19304.46,10.67,10.67,10.67,10.67,24.49,24.49,-0.55,-0.55
API3/USDT,-3710.06,-5.15,pump_3h_down,False,A,51.0,48.0,15.0,6.3,2.08,33400.95,-3.95,-5.29,-2.41,-3.42,0.19,1.01,-5.39,-6.69
ARPA/USDT,7831.53,19.53,pump_lock_2pct,False,B,41.0,40.0,33.0,53.1,0.06,713076.73,19.59,19.59,19.59,19.59,27.31,27.31,-0.05,-0.05
ARPA/USDT,-4258.56,-9.74,pump_initial_stop,False,B,69.0,66.0,58.0,110.6,0.07,630506.4,-9.62,-9.62,-9.62,-9.62,0.68,0.68,-11.4,-11.4
ARPA/USDT,-3606.26,-8.47,pump_3h_down,False,B,52.0,49.0,37.0,97.6,0.06,677024.76,-2.03,-7.19,-8.46,-8.46,1.14,1.14,-5.48,-9.16
HOT/USDT,-2089.69,-4.96,pump_3h_down,False,B,22.0,21.0,17.0,36.2,0.0,20748230.36,-2.76,-3.73,-0.46,-1.53,0.05,0.36,-2.86,-3.89
RVN/USDT,-2059.99,-4.97,pump_stagnation_exit,False,B,16.0,24.0,21.0,21.3,0.02,1943223.91,-4.92,-5.94,-0.44,-1.02,1.65,1.65,-6.04,-6.43
AXL/USDT,-3032.32,-1.72,pump_lock_2pct,True,B,10.0,18.0,14.0,5.7,0.69,217895.99,2.02,6.28,5.93,4.66,3.04,7.21,-0.46,-0.46
MASK/USDT,1911.07,4.67,pump_breakeven,False,B,26.0,25.0,22.0,13.4,2.89,14800.73,4.72,4.72,4.72,4.72,8.04,8.04,-0.29,-0.29
CYBER/USDT,-1595.82,-3.52,pump_3h_down,False,B,25.0,19.0,13.0,6.4,3.36,12776.64,1.94,-2.19,-1.69,-1.45,4.44,4.44,-2.58,-3.53
MASK/USDT,-3794.11,-8.61,pump_3h_down,False,B,31.0,31.0,35.0,6.9,3.03,14226.11,-3.91,-6.48,-8.56,-8.56,0.94,0.94,-5.36,-9.29
SCR/USDT,-1174.33,-2.57,pump_probe_kill,False,B,4.0,25.0,17.0,6.5,0.69,61691.61,-1.65,-1.07,0.24,-1.65,3.59,3.59,-2.23,-3.11
ARK/USDT,-177.13,-0.22,pump_stagnation_exit,False,B,8.0,20.0,14.0,8.5,0.51,83429.4,1.01,-0.01,-2.67,-2.65,1.15,1.56,-0.99,-3.79
SUI/USDT,1413.36,1.2,pump_stagnation_exit,True,B,21.0,19.0,13.0,1.8,2.21,63561.51,2.96,3.22,4.48,2.26,4.31,6.43,-0.93,-0.93
TAO/USDT,970.54,2.5,pump_stagnation_exit,False,B,18.0,21.0,11.0,1.9,503.15,83.87,0.21,-1.32,1.44,-0.07,1.46,2.77,-1.9,-2.04
LDO/USDT,-6400.25,-4.12,pump_lock_2pct,True,B,34.0,32.0,11.0,1.8,1.28,110860.05,4.01,8.62,5.03,4.64,4.95,10.5,-0.44,-0.44
ENA/USDT,-340.76,-0.6,pump_time_exit,False,B,50.0,37.0,16.0,1.7,0.5,85041.2,-1.06,-0.98,-2.95,-0.17,2.01,2.01,-1.12,-4.44
STG/USDT,-5873.65,-13.08,pump_initial_stop,False,B,59.0,51.0,48.0,129.4,0.42,104727.24,-8.33,-13.06,-13.06,-13.06,0.23,0.23,-11.05,-14.69
CATI/USDT,5559.4,13.89,pump_lock_2pct,False,B,23.0,23.0,16.0,6.2,0.4,101968.89,-3.03,-1.68,-0.43,13.94,1.53,17.85,-4.04,-4.04
RAY/USDT,-4584.16,-5.44,pump_probe_kill,False,A,61.0,18.0,17.0,2.5,5.82,13976.89,-0.38,3.04,-0.72,-7.3,-0.05,3.11,-2.8,-9.11
HMSTR/USDT,7571.59,15.76,pump_lock_2pct,False,B,65.0,62.0,53.0,46.7,0.0,11518999.85,-2.75,15.82,15.82,15.82,2.55,15.98,-4.92,-4.92
HMSTR/USDT,-1549.86,-8.4,pump_initial_stop,False,B,88.0,93.0,15.0,2.6,0.0,3671678.67,-10.66,-8.28,-8.28,-8.28,0.07,0.07,-11.64,-16.4
CETUS/USDT,4086.19,8.37,pump_lock_2pct,False,B,42.0,24.0,13.0,2.1,0.43,115603.54,0.32,8.43,8.43,8.43,2.05,14.82,-1.71,-1.71
SUI/USDT,103.18,0.27,pump_stagnation_exit,True,B,21.0,23.0,19.0,3.7,2.82,49389.18,-2.4,-3.42,-2.25,-0.46,-0.04,2.12,-2.6,-4.2
CETUS/USDT,-1756.24,-1.89,pump_stagnation_exit,False,A,59.0,21.0,17.0,3.1,0.47,179283.28,-3.65,-3.01,0.1,2.44,1.38,3.78,-6.59,-6.59
TRB/USDT,10912.29,26.16,pump_lock_2pct,False,B,2.0,18.0,11.0,2.8,62.12,677.39,26.19,26.19,26.19,26.19,31.4,31.4,-0.19,-0.19
AGLD/USDT,-9387.78,-6.17,pump_breakeven,True,B,17.0,20.0,11.0,3.9,1.58,88788.93,2.67,2.86,3.24,4.06,6.53,6.6,-1.63,-1.63
TRB/USDT,-8474.06,-4.88,pump_lock_2pct,True,B,27.0,46.0,39.0,8.4,78.45,1864.49,4.03,19.2,33.88,28.4,7.08,40.22,-1.34,-1.34
ZEN/USDT,-2447.08,-6.9,pump_3h_down,False,B,28.0,27.0,19.0,11.5,10.14,3401.77,-6.86,-6.56,-5.28,-3.9,1.04,1.04,-8.14,-8.14
HIGH/USDT,-2664.86,-6.36,pump_3h_down,False,B,27.0,25.0,16.0,12.1,1.65,24724.83,-3.57,-2.84,-3.63,-6.37,0.8,0.8,-6.92,-7.1
STX/USDT,-2456.69,-5.91,pump_3h_down,False,B,27.0,21.0,19.0,3.0,2.1,19175.84,-0.76,-2.43,-5.91,-5.91,-0.0,-0.0,-4.1,-7.72
ORDI/USDT,-3102.31,-7.51,pump_3h_down,False,B,32.0,20.0,17.0,1.9,45.85,878.25,-0.68,-2.8,-7.42,-7.42,0.84,0.84,-2.56,-8.71
BTTC/USDT,1019.46,2.36,pump_breakeven,False,B,39.0,28.0,23.0,7.7,0.0,38770071983.64,-4.15,-6.6,1.59,1.59,4.05,8.96,-5.78,-7.42
IO/USDT,-1574.66,-3.13,pump_3h_down,False,B,39.0,32.0,14.0,2.8,2.7,17498.89,-1.42,-2.9,-3.08,-3.08,2.06,2.06,-1.86,-6.34
BTTC/USDT,-3157.84,-6.49,pump_3h_down,False,B,41.0,32.0,22.0,15.9,0.0,37759642058.8,0.75,-2.45,-5.65,-7.25,1.55,3.15,-3.25,-8.05
STRK/USDT,-639.2,-1.43,pump_stagnation_exit,False,B,32.0,19.0,13.0,2.6,0.54,73519.55,2.57,1.31,-0.33,-1.97,2.6,3.5,-1.34,-3.17
BONK/USDT,-541.75,-0.97,pump_breakeven,False,B,42.0,23.0,19.0,2.4,0.0,1491856459.57,0.91,9.6,-0.95,-0.95,3.38,9.79,-1.68,-1.68
NEIRO/USDT,-3457.78,-8.72,pump_initial_stop,False,B,26.0,19.0,19.0,2.0,0.0,13391904.65,3.77,1.83,-6.46,-8.68,7.64,7.64,-1.12,-17.37
ALT/USDT,-3325.73,-8.52,pump_initial_stop,False,B,8.0,20.0,19.0,9.2,0.13,302261.01,-8.46,-8.46,-8.46,-8.46,0.92,0.92,-11.66,-11.66
NOT/USDT,-1766.1,-4.43,pump_3h_down,False,B,11.0,19.0,14.0,2.1,0.01,4594687.64,-1.59,-1.24,-1.29,-4.39,-0.03,0.26,-4.45,-4.8
DGB/USDT,1703.56,5.23,pump_lock_2pct,False,B,23.0,20.0,16.0,42.4,0.01,4017770.34,-0.29,5.4,5.4,5.4,2.2,10.13,-2.3,-2.3
XVG/USDT,-4146.87,-11.16,pump_initial_stop,False,B,63.0,54.0,42.0,56.1,0.01,4967325.35,-3.84,-2.4,-1.76,-11.08,2.22,6.11,-6.33,-13.68
FLOKI/USDT,2354.6,6.58,pump_breakeven,False,B,23.0,20.0,14.0,4.4,0.0,145927207.35,6.63,6.63,6.63,6.63,8.62,8.62,-0.2,-0.2
DGB/USDT,-1721.18,-5.16,pump_3h_down,False,B,27.0,26.0,20.0,43.7,0.01,3615955.0,0.29,-2.07,1.19,-3.42,1.86,4.9,-4.21,-4.21
FLOKI/USDT,-1026.18,-2.54,pump_3h_down,False,B,34.0,27.0,21.0,5.1,0.0,138672580.47,-1.34,-1.77,-2.49,-2.49,1.81,1.81,-1.72,-2.78
POLYX/USDT,-501.67,-1.16,pump_stagnation_exit,False,B,16.0,24.0,15.0,10.4,0.29,126235.2,-0.77,2.44,0.15,-1.65,6.43,6.43,-2.0,-2.06
SEI/USDT,-714.0,-0.37,pump_stagnation_exit,True,B,20.0,22.0,14.0,3.5,0.52,235250.31,-2.87,-2.82,-1.37,-1.84,-0.03,-0.03,-3.71,-3.75
MANA/USDT,-3340.07,-8.88,pump_3h_down,False,B,31.0,29.0,25.0,14.7,0.44,83580.06,-2.21,-3.71,-8.84,-8.84,0.38,0.38,-5.43,-9.15
LUNA/USDT,-5904.98,-13.18,pump_3h_down,False,B,48.0,45.0,41.0,51.6,0.53,83302.51,-7.74,-6.46,-8.31,-13.08,1.93,1.93,-8.14,-15.38
AMP/USDT,2772.56,7.96,pump_lock_2pct,False,B,20.0,25.0,18.0,4.8,0.01,6899728.98,8.07,8.07,8.07,8.07,26.76,26.76,-4.66,-4.66
QNT/USDT,7386.21,20.83,pump_lock_2pct,False,B,24.0,25.0,15.0,4.8,77.84,460.43,20.76,20.76,20.76,20.76,21.79,21.79,-3.26,-3.26
AMP/USDT,-3481.62,-9.52,pump_initial_stop,False,B,32.0,35.0,27.0,15.0,0.01,6400048.01,-7.09,-9.37,-9.37,-9.37,5.34,5.34,-8.71,-11.51
QNT/USDT,-2132.38,-4.66,pump_probe_kill,False,B,49.0,49.0,38.0,14.1,94.15,466.01,-4.83,-6.1,-4.72,-3.98,0.69,1.33,-8.33,-8.33
CRV/USDT,-2137.72,-5.73,pump_probe_kill,False,B,12.0,27.0,17.0,9.1,0.36,100620.0,-1.72,-5.49,-4.79,-6.63,0.03,0.03,-2.89,-6.68
QNT/USDT,-2893.15,-6.55,pump_3h_down,False,B,46.0,35.0,15.0,12.2,89.84,477.36,-2.61,-4.72,-6.62,-6.62,0.06,0.06,-3.83,-6.84
TFUEL/USDT,-1366.5,-3.67,pump_lock_2pct,False,B,20.0,21.0,15.0,10.6,0.07,497007.59,-3.62,-3.62,-3.62,-3.62,13.38,13.38,-5.29,-5.29
ZRX/USDT,-263.67,-0.43,pump_lock_2pct,False,B,41.0,30.0,18.0,13.4,0.49,85885.8,-0.38,-0.38,-0.38,-0.38,10.54,10.54,-1.66,-1.66
HBAR/USDT,-3023.61,-14.54,pump_3h_down,False,B,110.0,58.0,26.0,2.5,0.14,145415.94,-9.01,-9.64,-14.5,-14.5,1.26,1.26,-9.34,-14.67
CATI/USDT,-22162.75,-13.74,pump_time_exit,True,A,53.0,34.0,27.0,3.1,0.61,228730.55,4.91,2.37,12.07,16.89,5.66,18.55,-4.05,-4.05
XTZ/USDT,-2214.52,-10.12,pump_3h_down,False,B,60.0,54.0,18.0,18.6,1.2,17944.69,1.62,-1.64,-6.4,-6.23,4.55,4.55,-0.3,-6.74
ETHFI/USDT,-1722.52,-5.36,pump_3h_down,False,B,20.0,31.0,34.0,13.3,1.99,15543.21,-1.96,-2.71,-5.27,-5.27,0.85,0.85,-4.31,-6.12
OP/USDT,-997.95,-3.02,pump_3h_down,False,B,20.0,24.0,27.0,10.0,2.12,14618.98,-0.66,-1.51,-2.93,-2.93,1.03,1.03,-1.47,-3.78
LUNA/USDT,-1864.55,-5.9,pump_3h_down,False,B,10.0,21.0,13.0,3.3,0.49,62958.65,-1.14,-4.23,-5.79,-5.79,1.45,1.45,-3.61,-6.26
FTT/USDT,-2401.86,-7.8,pump_3h_down,False,B,36.0,40.0,15.0,2.1,2.78,10798.38,0.45,-0.27,0.59,-2.2,1.26,6.54,-4.7,-4.7
SCRT/USDT,8001.72,16.98,pump_lock_2pct,False,A,71.0,49.0,43.0,10.5,0.51,92799.47,-3.22,2.09,17.0,17.0,3.24,23.09,-6.95,-6.95
COTI/USDT,1464.24,4.12,pump_lock_2pct,False,B,35.0,37.0,29.0,14.2,0.14,268940.27,4.08,4.08,4.08,4.08,12.74,12.74,-0.81,-0.81
COMP/USDT,-2704.49,-8.49,pump_3h_down,False,B,21.0,20.0,20.0,4.2,64.67,481.59,-3.82,-5.83,-8.49,-8.49,-0.03,-0.03,-8.35,-9.02
ICP/USDT,-1530.07,-4.71,pump_probe_kill,False,B,27.0,26.0,13.0,2.3,11.55,2699.31,-1.79,-5.02,-4.01,-5.95,0.86,0.86,-2.44,-6.88
COTI/USDT,-239.84,-0.51,pump_stagnation_exit,False,B,38.0,35.0,16.0,14.8,0.14,246747.19,3.74,-0.89,-3.27,-2.16,5.32,5.32,-2.13,-5.8
ALGO/USDT,-3048.93,-8.11,pump_3h_down,False,B,44.0,31.0,12.0,3.3,0.31,117727.39,-2.29,-1.65,-7.58,-8.06,2.87,2.87,-2.9,-9.44
VTHO/USDT,-3985.09,-10.78,pump_initial_stop,False,B,52.0,52.0,36.0,22.8,0.0,11123183.82,1.76,-4.64,-10.65,-10.65,3.78,3.78,-5.07,-11.01
CVX/USDT,-3030.13,-8.13,pump_3h_down,False,B,40.0,31.0,25.0,9.0,3.47,10485.3,-5.81,-6.91,-8.09,-8.09,2.28,2.28,-7.05,-9.5
KSM/USDT,7298.38,21.01,pump_lock_2pct,False,B,61.0,53.0,36.0,9.0,33.43,1050.25,3.45,-2.62,0.1,21.13,7.4,23.97,-3.7,-6.33
VTHO/USDT,294.72,1.3,pump_breakeven,False,B,42.0,42.0,14.0,24.5,0.0,8946368.92,2.18,7.98,1.35,1.35,7.62,9.02,-0.28,-1.78
KSM/USDT,2732.08,14.69,pump_lock_2pct,False,B,100.0,86.0,57.0,22.3,40.49,466.26,15.04,15.04,15.04,15.04,22.55,22.55,-6.4,-6.4
JASMY/USDT,-2770.43,-7.42,pump_3h_down,False,B,36.0,39.0,26.0,7.0,0.03,1312967.04,-3.37,-6.08,-7.37,-7.37,1.43,1.43,-5.25,-8.17
MOVR/USDT,-2633.49,-6.16,pump_probe_kill,False,A,58.0,49.0,27.0,7.6,17.98,2303.45,0.85,-2.24,-4.93,0.91,2.87,2.87,-4.07,-6.77
HIVE/USDT,-1352.16,-4.29,pump_3h_down,False,B,32.0,26.0,20.0,15.2,0.3,99494.55,0.38,0.91,-0.31,-3.02,4.53,4.53,-3.84,-5.03
ONE/USDT,-1928.91,-12.06,pump_initial_stop,False,B,96.0,64.0,36.0,3.8,0.03,551030.63,-9.08,-11.95,-11.95,-11.95,1.84,1.84,-9.78,-14.01
ONE/USDT,-1857.74,-7.93,pump_3h_down,False,B,73.0,39.0,16.0,4.5,0.03,909555.72,3.33,-3.35,-1.92,-5.42,4.72,4.72,-1.44,-6.09
SAND/USDT,-1110.73,-5.22,pump_3h_down,False,B,85.0,63.0,44.0,6.9,0.63,32432.68,-5.11,-4.78,-3.18,0.12,0.39,2.81,-9.3,-9.3
HOT/USDT,-988.2,-3.23,pump_3h_down,False,B,32.0,18.0,17.0,8.3,0.0,10260896.43,0.23,-2.08,-0.26,-1.61,3.5,3.5,-1.01,-3.43
PYR/USDT,-4066.24,-3.95,pump_breakeven,True,B,39.0,24.0,14.0,7.3,3.94,24202.75,-2.36,0.53,-2.41,-1.17,0.84,3.2,-3.32,-3.6
COS/USDT,3045.39,5.6,pump_lock_2pct,False,A,53.0,33.0,22.0,4.5,0.01,4659171.87,2.56,5.65,5.65,5.65,4.79,10.6,-3.84,-3.84
SCRT/USDT,1544.45,5.66,pump_breakeven,False,B,35.0,33.0,30.0,5.0,0.64,44585.62,5.71,5.71,5.71,5.71,9.39,9.39,-3.58,-3.58
COS/USDT,-4358.1,-7.4,pump_probe_kill,False,A,62.0,40.0,28.0,12.9,0.01,4479039.85,-4.04,-7.22,-5.35,-4.27,3.73,3.73,-5.36,-8.68
SKL/USDT,-1041.14,-3.49,pump_3h_down,False,B,14.0,25.0,14.0,11.0,0.07,411090.77,-0.31,-3.06,-3.47,-3.47,1.83,1.94,-1.66,-4.65
ZEN/USDT,1294.55,1.55,pump_stagnation_exit,True,B,32.0,26.0,13.0,4.6,14.8,6366.02,-1.54,-0.52,1.03,3.4,1.71,4.68,-2.01,-2.01
LISTA/USDT,-3427.03,-10.35,pump_3h_down,False,B,52.0,37.0,22.0,4.3,0.61,53437.43,0.23,2.23,0.31,0.33,3.58,4.48,-3.22,-3.22
LQTY/USDT,-1090.2,-3.65,pump_3h_down,False,B,20.0,27.0,12.0,2.3,1.63,17359.0,5.41,0.38,-0.42,-2.07,5.41,5.41,-0.97,-2.26
ENS/USDT,-1190.76,-3.38,pump_probe_kill,False,B,74.0,59.0,33.0,6.0,35.07,950.0,-2.36,-6.52,-4.41,-2.13,-0.05,-0.05,-5.78,-9.23
IOTA/USDT,1660.96,6.22,pump_stagnation_exit,False,B,25.0,22.0,12.0,2.7,0.27,103949.08,-3.1,-0.77,-0.58,1.34,0.55,1.72,-4.15,-4.15
HBAR/USDT,-894.93,-4.16,pump_3h_down,False,B,30.0,22.0,12.0,2.9,0.18,115110.69,-0.42,-2.54,-4.09,-4.09,4.62,4.62,-0.79,-4.7
ALGO/USDT,-3949.76,-3.21,pump_lock_2pct,True,B,42.0,33.0,15.0,2.9,0.39,280090.48,3.34,0.41,2.58,3.57,4.52,5.26,-0.05,-3.06
DGB/USDT,12399.7,18.3,pump_lock_2pct,True,B,23.0,19.0,19.0,5.3,0.01,5150666.84,-6.3,-5.69,-2.11,-3.25,0.03,2.39,-6.53,-6.53
ENS/USDT,-643.58,-0.83,pump_stagnation_exit,True,A,85.0,25.0,30.0,5.2,43.13,1448.15,-1.74,-0.51,0.39,-0.91,4.66,4.66,-2.62,-4.34
DGB/USDT,5272.55,9.34,pump_lock_2pct,False,A,47.0,44.0,28.0,11.3,0.02,3660260.0,9.4,9.4,9.4,9.4,10.99,10.99,-3.09,-3.09
DGB/USDT,-3221.33,-8.9,pump_initial_stop,False,B,59.0,56.0,39.0,18.5,0.02,2052494.17,-8.8,-8.8,-8.8,-8.8,4.18,4.18,-12.62,-12.62
DGB/USDT,2750.39,10.34,pump_lock_2pct,False,B,39.0,35.0,18.0,23.6,0.01,1817993.18,1.82,2.9,10.33,10.33,3.77,12.0,-4.2,-4.2
CRV/USDT,-1544.13,-5.12,pump_3h_down,False,B,31.0,24.0,16.0,2.9,0.62,46771.0,-1.92,-4.17,-4.08,-4.9,1.01,1.01,-3.11,-4.95
THETA/USDT,251.92,0.41,pump_stagnation_exit,True,A,47.0,32.0,21.0,7.3,2.99,39159.36,0.72,0.52,0.22,1.89,1.96,3.06,-3.83,-3.83
WLD/USDT,-9961.12,-8.31,pump_stagnation_exit,True,A,49.0,27.0,21.0,3.9,3.67,31868.23,-2.53,-2.61,-1.58,-1.3,0.96,0.96,-3.43,-3.43
CRV/USDT,-1507.53,-6.28,pump_3h_down,False,B,33.0,27.0,16.0,2.1,0.68,34118.67,-0.25,-2.35,-0.75,-1.98,1.74,7.78,-1.28,-3.68
USUAL/USDT,-4307.34,-4.38,pump_stagnation_exit,True,B,19.0,20.0,16.0,9.1,0.37,251322.68,-1.99,-4.68,-3.86,-1.31,0.63,1.32,-4.98,-6.07
IOTA/USDT,-3559.36,-6.43,pump_3h_down,False,A,57.0,38.0,18.0,4.9,0.37,146690.68,-2.1,-5.67,-6.38,-6.38,1.59,1.59,-4.69,-8.89
HBAR/USDT,-3990.49,-3.42,pump_breakeven,True,A,65.0,43.0,18.0,2.4,0.24,448026.23,1.8,-1.46,1.42,5.21,4.14,8.07,-4.19,-4.19
SAND/USDT,-2450.33,-9.32,pump_3h_down,False,B,33.0,28.0,32.0,4.0,0.85,30237.58,-3.64,-2.86,-6.73,-9.25,2.71,2.71,-6.86,-10.09
ZEC/USDT,-1794.5,-5.61,pump_probe_kill,False,B,44.0,27.0,25.0,4.8,77.79,397.29,-5.2,-4.97,-3.93,-4.46,0.19,0.19,-5.33,-6.32
XVG/USDT,-1679.19,-15.59,pump_3h_down,False,B,125.0,106.0,45.0,1.6,0.02,692873.74,-7.98,-11.26,-10.44,-11.88,4.11,4.11,-9.63,-15.28
RSR/USDT,3931.2,8.36,pump_lock_2pct,False,A,71.0,72.0,32.0,9.4,0.02,2968658.69,8.43,8.43,8.43,8.43,13.79,13.79,-0.94,-0.94
IOTA/USDT,-274.16,-0.28,pump_lock_2pct,True,A,81.0,38.0,24.0,2.2,0.48,114886.8,-0.63,2.4,0.18,3.05,2.65,7.29,-2.11,-2.11
RSR/USDT,-663.86,-4.04,pump_3h_down,False,B,90.0,94.0,30.0,10.0,0.02,888960.38,-1.98,-1.99,-3.9,-3.9,2.16,3.28,-4.36,-7.86
RSR/USDT,1629.26,8.29,pump_lock_2pct,False,A,80.0,78.0,23.0,8.4,0.02,1191740.75,1.57,8.28,8.28,8.28,3.5,15.41,-8.19,-8.19
RSR/USDT,229.13,2.64,pump_breakeven,False,B,117.0,121.0,26.0,4.7,0.02,433769.57,1.0,2.68,2.68,2.68,4.22,8.09,-0.48,-3.44
JST/USDT,2709.96,10.81,pump_lock_2pct,False,B,28.0,26.0,25.0,7.5,0.05,516812.01,-0.35,10.95,10.95,10.95,0.37,11.29,-2.25,-2.25
WIN/USDT,2707.31,12.67,pump_lock_2pct,False,B,48.0,45.0,13.0,3.3,0.0,122860456.42,12.96,12.96,12.96,12.96,13.05,13.05,-0.05,-0.05
JST/USDT,5664.87,18.38,pump_lock_2pct,False,B,42.0,38.0,25.0,5.2,0.05,568744.46,18.27,18.27,18.27,18.27,28.26,28.26,-3.39,-3.39
JST/USDT,-2468.57,-7.77,pump_lock_2pct,False,B,67.0,62.0,39.0,3.7,0.07,476795.08,-7.79,-7.79,-7.79,-7.79,29.06,29.06,-8.45,-8.45
SUN/USDT,-2671.43,-7.98,pump_initial_stop,False,B,77.0,64.0,45.0,4.4,0.04,820769.54,-6.75,-8.0,-8.0,-8.0,7.9,7.9,-7.03,-11.29
AMP/USDT,424.85,1.87,pump_lock_2pct,False,B,32.0,37.0,29.0,7.9,0.01,2613903.36,1.87,1.87,1.87,1.87,19.21,19.21,-1.13,-1.13
JST/USDT,1237.95,4.09,pump_lock_2pct,False,A,58.0,52.0,22.0,5.6,0.06,532078.15,-3.51,1.44,4.14,4.14,0.08,11.2,-4.22,-4.37
SUN/USDT,-2116.03,-4.84,pump_3h_down,False,A,64.0,51.0,25.0,5.1,0.04,1145371.21,-4.84,-3.18,-4.76,-0.24,0.06,3.52,-6.56,-6.56
AMP/USDT,316.56,1.34,pump_lock_2pct,False,A,69.0,64.0,24.0,6.1,0.01,2263071.89,1.42,1.42,1.42,1.42,10.14,10.14,-2.91,-2.91
JST/USDT,-976.92,-3.06,pump_3h_down,False,A,65.0,52.0,14.0,5.2,0.06,480210.77,4.21,-2.5,-0.93,-3.61,6.23,6.23,-0.56,-6.56
CAKE/USDT,-810.07,-2.37,pump_probe_kill,False,B,41.0,32.0,20.0,3.5,4.27,7386.76,-1.55,-5.04,-4.29,-3.42,0.84,0.84,-5.2,-6.23
SLP/USDT,-786.56,-2.79,pump_lock_2pct,False,B,33.0,32.0,13.0,6.4,0.01,4755660.29,-2.76,-2.76,-2.76,-2.76,11.37,11.37,-3.01,-3.01
CVX/USDT,2218.58,7.29,pump_lock_2pct,False,B,65.0,41.0,20.0,2.8,7.16,4378.08,-0.3,3.47,4.41,7.36,2.66,10.15,-0.78,-0.79
COMP/USDT,3137.45,10.16,pump_lock_2pct,False,B,59.0,34.0,19.0,4.1,115.36,273.38,10.29,10.29,10.29,10.29,10.6,10.6,-1.18,-1.18
SAND/USDT,-441.05,-1.17,pump_breakeven,False,B,40.0,28.0,15.0,2.9,0.94,34483.74,-1.14,-1.14,-1.14,-1.14,8.77,8.77,-1.9,-1.9
COMP/USDT,2691.19,8.55,pump_lock_2pct,False,B,75.0,45.0,27.0,6.7,127.2,253.6,-5.84,-2.77,-1.96,8.65,2.19,13.2,-9.58,-9.58
SYN/USDT,-1931.52,-6.9,pump_3h_down,False,B,34.0,28.0,15.0,5.2,0.95,28634.99,-3.65,-3.94,-6.84,-6.84,1.08,1.08,-4.68,-6.9
COMP/USDT,-2310.67,-13.08,pump_initial_stop,False,B,90.0,60.0,28.0,7.7,138.22,126.01,-4.88,-8.8,-3.87,-12.98,1.72,1.72,-6.21,-13.3
WLD/USDT,-1980.32,-7.26,pump_3h_down,False,B,28.0,25.0,18.0,2.2,4.05,6563.68,-2.45,-5.04,-7.21,-7.21,0.91,0.91,-3.09,-7.51
FTT/USDT,-5496.48,-6.45,pump_stagnation_exit,True,B,45.0,37.0,25.0,15.5,3.6,22352.94,0.88,4.09,1.85,3.52,6.41,6.97,-0.05,-0.5
ZRX/USDT,1721.49,6.97,pump_lock_2pct,False,B,28.0,22.0,19.0,2.4,0.79,32095.16,7.07,7.07,7.07,7.07,10.03,10.03,-3.83,-3.83
ZRX/USDT,-1043.07,-3.18,pump_3h_down,False,B,40.0,35.0,30.0,7.6,0.85,36334.24,5.07,-1.51,-3.04,-3.12,7.37,7.37,-1.5,-5.76
LPT/USDT,-5600.05,-4.96,pump_lock_2pct,True,B,37.0,30.0,18.0,3.7,21.9,4697.18,3.69,0.57,3.4,6.55,5.87,8.39,-4.02,-4.02
DYDX/USDT,-2391.35,-9.06,pump_3h_down,False,B,35.0,37.0,35.0,9.7,2.44,10610.26,-3.37,-4.37,-2.13,-5.92,1.99,1.99,-4.36,-7.48
CELR/USDT,-671.28,-2.56,pump_3h_down,False,B,30.0,27.0,19.0,6.7,0.03,788323.22,-1.25,-2.31,-2.48,-2.48,1.44,1.44,-1.7,-3.09
EIGEN/USDT,-707.18,-2.71,pump_probe_kill,False,B,28.0,28.0,17.0,4.6,4.91,4961.55,-0.48,1.21,-4.49,-3.59,0.93,2.94,-1.48,-4.98
TURBO/USDT,2102.98,8.91,pump_lock_2pct,False,B,19.0,30.0,17.0,2.1,0.01,1884672.16,2.34,8.91,8.91,8.91,2.67,11.47,-1.76,-1.76
IO/USDT,-996.53,-3.93,pump_3h_down,False,B,14.0,20.0,19.0,2.5,4.12,5857.48,-0.8,-2.62,-0.22,-2.52,1.4,2.52,-2.81,-3.3
TURBO/USDT,-2788.29,-3.2,pump_stagnation_exit,True,B,26.0,55.0,14.0,2.6,0.01,5814041.17,-4.58,-4.37,-0.84,0.98,2.54,2.54,-5.5,-5.93
MAGIC/USDT,1163.21,1.63,pump_stagnation_exit,True,B,-2.0,23.0,13.0,2.9,0.69,116624.93,-2.63,-3.14,-2.4,-3.14,0.66,2.17,-3.52,-4.41
BB/USDT,-1318.89,-5.28,pump_3h_down,False,B,12.0,36.0,17.0,3.0,0.49,49155.92,-3.4,-2.46,-1.13,-3.07,1.09,1.09,-5.42,-5.42
AAVE/USDT,4075.74,5.2,pump_stagnation_exit,True,B,25.0,28.0,16.0,2.9,344.99,232.65,-0.26,2.37,2.16,2.67,1.8,4.26,-1.32,-1.32
CVC/USDT,-1600.22,-6.69,pump_3h_down,False,B,34.0,41.0,25.0,3.4,0.22,103567.68,-5.93,-6.02,-6.73,-6.73,1.33,1.33,-6.69,-8.02
COW/USDT,1650.08,7.01,pump_breakeven,False,B,25.0,37.0,13.0,8.0,0.6,40407.12,7.15,7.15,7.15,7.15,8.28,8.28,-1.1,-1.1
AVA/USDT,1991.16,21.1,pump_lock_2pct,False,B,169.0,168.0,164.0,355.6,1.99,4804.75,-1.28,21.16,21.16,21.16,2.13,43.56,-4.8,-4.8
LDO/USDT,-1364.16,-5.37,pump_probe_kill,False,B,20.0,27.0,17.0,6.5,2.37,10341.11,-1.7,-4.02,-3.13,-7.31,0.41,0.41,-2.16,-7.48
COW/USDT,3882.56,13.37,pump_lock_2pct,False,B,42.0,39.0,30.0,6.8,0.87,33789.41,-1.96,0.63,13.48,13.48,3.03,18.2,-3.51,-3.91
COW/USDT,2735.2,6.04,pump_breakeven,False,A,54.0,51.0,12.0,5.5,0.96,48815.14,6.09,6.09,6.09,6.09,8.33,8.33,-0.51,-0.51
CETUS/USDT,-1781.27,-6.77,pump_3h_down,False,B,15.0,25.0,12.0,12.2,0.48,53682.74,-3.22,-5.69,-6.74,-6.74,1.27,1.27,-4.48,-7.41
COW/USDT,-7793.79,-8.09,pump_stagnation_exit,True,B,63.0,59.0,16.0,5.2,1.02,92294.2,-1.85,-2.36,-1.44,-0.89,0.1,0.1,-5.34,-5.34
ZEN/USDT,298.55,1.02,pump_lock_2pct,False,A,76.0,75.0,36.0,4.1,25.85,1407.95,0.53,-0.28,-0.48,1.03,3.74,10.36,-4.19,-6.12
COW/USDT,-414.94,-1.62,pump_stagnation_exit,False,B,17.0,41.0,32.0,4.4,0.9,25325.99,-0.67,-4.14,-0.29,0.06,0.45,1.79,-2.52,-5.96
MOVE/USDT,-6154.7,-13.48,pump_initial_stop,False,A,73.0,30.0,28.0,2.1,1.09,41406.03,-8.36,-13.42,-13.42,-13.42,0.16,0.16,-8.57,-13.89
LPT/USDT,-1013.55,-4.19,pump_3h_down,False,B,-0.0,20.0,13.0,3.0,14.99,1542.66,-0.87,-1.24,-4.2,-4.2,-0.05,0.09,-2.82,-4.61
AGLD/USDT,4415.98,5.9,pump_breakeven,True,B,26.0,33.0,26.0,10.5,1.64,47120.73,-2.49,3.12,0.01,-2.0,-0.05,4.15,-4.13,-4.13
QKC/USDT,1412.41,6.16,pump_breakeven,False,B,32.0,27.0,25.0,19.5,0.01,1890280.52,-1.43,0.87,6.33,6.33,1.85,9.98,-2.35,-2.35
USUAL/USDT,1670.14,7.19,pump_lock_2pct,False,B,-8.0,22.0,22.0,3.4,1.29,18578.45,1.0,-3.06,-0.33,7.19,3.09,11.63,-1.32,-3.24
CVX/USDT,-1078.19,-1.11,pump_stagnation_exit,True,B,17.0,24.0,14.0,2.5,4.85,16456.66,0.36,5.11,3.77,5.58,2.3,6.45,-0.98,-0.98
PHA/USDT,8537.16,35.78,pump_lock_2pct,False,B,16.0,26.0,18.0,9.4,0.15,158786.72,35.78,35.78,35.78,35.78,37.83,37.83,-3.62,-3.62
PHA/USDT,-3259.87,-10.6,pump_initial_stop,False,B,56.0,73.0,58.0,30.0,0.21,146946.2,-10.51,-10.51,-10.51,-10.51,0.53,0.53,-13.43,-13.43
PHA/USDT,836.35,4.32,pump_breakeven,False,B,33.0,36.0,30.0,53.8,0.17,119811.06,4.43,4.43,4.43,4.43,8.21,8.21,-2.0,-2.0
PHA/USDT,529.98,2.38,pump_breakeven,False,B,39.0,43.0,32.0,55.8,0.18,137205.24,2.44,2.44,2.44,2.44,9.33,9.33,-1.29,-1.29
LPT/USDT,1494.46,2.05,pump_stagnation_exit,True,B,23.0,21.0,18.0,2.6,18.38,4356.24,-3.36,2.4,3.54,0.02,0.95,6.63,-3.68,-3.68
BAT/USDT,-1346.18,-4.25,pump_3h_down,False,B,38.0,36.0,20.0,19.2,0.3,101390.22,-2.86,-1.79,-0.08,-2.83,3.1,3.1,-4.17,-4.33
PENGU/USDT,-2673.3,-2.88,pump_stagnation_exit,True,B,20.0,33.0,13.0,3.6,0.04,2379670.38,3.44,4.68,2.77,2.91,3.8,6.4,-1.29,-1.29
PHA/USDT,-1158.16,-4.27,pump_3h_down,False,A,76.0,74.0,19.0,3.9,0.21,122965.02,0.57,0.14,-1.9,-3.94,2.32,5.5,-1.71,-4.13
TURBO/USDT,-820.64,-2.6,pump_3h_down,False,B,38.0,28.0,16.0,3.3,0.01,2574411.66,-1.72,-2.32,-2.55,-2.55,1.88,1.88,-3.45,-4.5
STG/USDT,-244.34,-0.8,pump_stagnation_exit,False,B,25.0,19.0,13.0,20.5,0.37,66005.22,1.52,0.68,-1.0,-0.32,3.31,5.83,-0.24,-1.57
COW/USDT,-1922.89,-2.07,pump_lock_2pct,True,B,31.0,34.0,20.0,2.6,1.05,77001.91,4.28,6.13,8.44,7.58,5.65,14.4,-0.81,-0.81
STRAX/USDT,1250.9,5.41,pump_lock_2pct,False,B,6.0,19.0,13.0,5.2,0.08,312476.43,5.62,5.62,5.62,5.62,11.46,11.46,-0.1,-0.1
GMT/USDT,1846.8,6.61,pump_lock_2pct,False,B,42.0,45.0,22.0,2.6,0.19,147795.42,3.74,0.82,6.62,6.62,6.51,10.0,-1.79,-1.79
PHA/USDT,1718.26,10.65,pump_lock_2pct,False,B,103.0,37.0,38.0,2.3,0.37,44591.42,0.49,10.76,10.76,10.76,5.1,10.87,-3.03,-3.03
PHA/USDT,884.15,5.99,pump_lock_2pct,False,B,130.0,58.0,50.0,3.8,0.41,37405.91,-2.69,-1.81,-4.5,6.04,3.96,22.5,-5.82,-8.66
GMT/USDT,-2227.17,-4.33,pump_3h_down,False,A,52.0,56.0,18.0,3.0,0.21,236660.54,-1.54,-1.4,-3.85,-4.28,0.38,1.2,-4.52,-6.68
STEEM/USDT,-6511.25,-13.19,pump_initial_stop,False,A,63.0,66.0,32.0,2.2,0.36,135635.99,-13.09,-13.09,-13.09,-13.09,6.42,6.42,-15.71,-15.71
XVG/USDT,-4000.24,-4.47,pump_stagnation_exit,True,B,11.0,27.0,21.0,21.5,0.02,5363552.72,-3.68,-5.49,0.7,-1.3,0.07,0.89,-4.3,-7.64
HIVE/USDT,-1310.96,-1.46,pump_stagnation_exit,True,B,23.0,36.0,34.0,6.3,0.44,177278.36,-5.08,-4.18,-5.73,-1.36,2.25,2.25,-6.88,-8.03
DGB/USDT,-602.79,-2.45,pump_3h_down,False,B,7.0,20.0,18.0,27.5,0.01,1784471.72,0.19,-0.21,-1.23,-2.72,3.63,3.63,-0.99,-3.11
TAO/USDT,-983.04,-4.14,pump_3h_down,False,B,14.0,21.0,13.0,4.3,536.87,42.23,1.01,-1.41,-1.97,-4.09,1.4,1.89,-1.76,-5.41
AI/USDT,1610.85,7.39,pump_lock_2pct,False,B,11.0,20.0,13.0,6.5,0.67,33345.97,7.46,7.46,7.46,7.46,10.18,10.18,-0.38,-0.38
ACT/USDT,-3322.87,-4.21,pump_stagnation_exit,True,B,19.0,20.0,14.0,2.7,0.34,222783.04,-1.97,-2.62,-1.2,-1.65,-0.05,0.45,-2.35,-3.3
AI/USDT,-524.31,-2.14,pump_stagnation_exit,False,B,31.0,38.0,16.0,20.6,0.77,29160.43,2.8,1.73,2.83,0.74,4.0,4.23,-1.81,-1.81
DEXE/USDT,-5449.78,-5.33,pump_lock_2pct,True,B,45.0,23.0,22.0,4.2,18.55,4898.96,0.05,3.28,5.21,3.4,1.99,6.02,-2.09,-2.09
CETUS/USDT,-394.28,-0.35,pump_stagnation_exit,True,B,27.0,20.0,14.0,4.2,0.37,192860.44,0.0,-0.1,0.36,-0.05,1.28,2.25,-1.11,-1.11
SUSHI/USDT,-481.22,-2.05,pump_probe_kill,False,B,30.0,22.0,14.0,7.3,1.79,11936.66,-0.44,-0.61,-0.05,-2.9,0.4,1.35,-3.29,-3.29
KAVA/USDT,-1124.65,-5.15,pump_3h_down,False,B,31.0,22.0,12.0,6.7,0.58,36040.55,-2.28,-4.54,-5.09,-5.09,-0.05,-0.05,-2.96,-5.11
STEEM/USDT,-1553.4,-7.12,pump_3h_down,False,B,12.0,24.0,18.0,8.2,0.3,71384.99,-6.64,-5.96,-3.75,-6.33,0.79,0.79,-7.61,-7.61
AI/USDT,-2046.82,-2.73,pump_stagnation_exit,True,B,-1.0,21.0,14.0,2.4,0.75,92360.38,-1.13,1.11,2.09,1.28,0.42,2.92,-2.5,-2.5
AIXBT/USDT,-303.99,-1.28,pump_3h_down,False,B,20.0,37.0,29.0,4.0,0.57,36237.27,1.17,-0.16,-0.46,-1.27,3.66,3.66,-1.25,-2.75
CGPT/USDT,-515.6,-2.31,pump_probe_kill,False,B,21.0,22.0,17.0,2.3,0.38,53496.27,3.23,2.35,-1.87,-1.82,5.14,5.4,-0.36,-3.52
IOST/USDT,-733.69,-3.4,pump_3h_down,False,B,11.0,29.0,21.0,6.7,0.01,2476114.26,-1.47,-2.4,-3.36,-3.36,2.79,2.79,-2.29,-4.43
DEXE/USDT,-1973.13,-2.61,pump_stagnation_exit,True,B,2.0,18.0,16.0,4.3,16.12,4221.14,-0.49,1.0,0.13,0.13,0.8,2.17,-1.94,-1.94
SAGA/USDT,-1302.09,-6.32,pump_3h_down,False,B,22.0,25.0,24.0,22.2,1.54,13025.94,-3.55,-5.94,-6.29,-6.29,0.24,0.24,-5.01,-7.44
ALGO/USDT,-200.43,-0.81,pump_3h_down,False,B,23.0,20.0,15.0,4.4,0.45,44140.23,-1.39,-0.72,-0.74,-0.76,-0.05,0.22,-1.9,-1.9
ZEN/USDT,-963.81,-1.23,pump_stagnation_exit,True,B,34.0,36.0,22.0,2.5,30.9,2136.97,-0.44,1.34,1.05,1.6,1.73,6.04,-1.18,-3.16
RSR/USDT,-1209.41,-6.25,pump_3h_down,False,B,32.0,21.0,11.0,2.5,0.02,1200508.53,-3.4,-6.43,-4.17,-3.87,0.82,0.82,-5.6,-7.17
SPELL/USDT,3488.15,11.59,pump_lock_2pct,False,A,50.0,39.0,23.0,2.7,0.0,28501240.69,11.85,11.85,11.85,11.85,30.14,30.14,-2.72,-2.72
SPELL/USDT,-673.86,-3.27,pump_lock_2pct,False,B,66.0,58.0,38.0,6.5,0.0,16180819.5,-3.37,-3.37,-3.37,-3.37,10.1,10.1,-5.86,-5.86
SPELL/USDT,-2168.84,-6.7,pump_3h_down,False,A,61.0,51.0,35.0,8.4,0.0,27051796.79,-3.7,-6.61,-6.63,-6.63,0.22,0.22,-6.05,-9.17
PHA/USDT,-1664.17,-2.24,pump_lock_2pct,True,B,20.0,20.0,14.0,4.3,0.34,193093.73,2.03,2.23,3.75,4.04,3.11,7.34,-0.63,-0.63
LQTY/USDT,-548.78,-2.65,pump_3h_down,False,B,8.0,19.0,12.0,4.7,2.04,9454.92,1.08,-0.49,-0.44,-1.96,1.86,1.86,-0.64,-2.4
SPELL/USDT,592.73,3.5,pump_breakeven,False,B,33.0,40.0,15.0,2.1,0.0,15567534.25,3.55,3.55,3.55,3.55,8.55,8.55,-0.15,-0.15
HIVE/USDT,-1023.51,-5.13,pump_3h_down,False,B,22.0,23.0,17.0,2.2,0.48,40305.81,-1.18,-2.63,-5.11,-5.11,4.06,4.06,-2.13,-5.59
SPELL/USDT,-885.65,-3.86,pump_probe_kill,False,B,38.0,44.0,15.0,2.5,0.0,18253215.86,-4.44,-8.57,-6.75,-8.39,1.71,1.71,-5.66,-9.52
VTHO/USDT,-1451.35,-7.44,pump_initial_stop,False,B,-15.0,28.0,21.0,2.7,0.01,2927499.79,-6.47,-8.02,-7.33,-7.33,2.81,2.81,-6.87,-10.15
JASMY/USDT,645.83,3.8,pump_lock_2pct,False,B,12.0,23.0,11.0,2.1,0.03,620068.74,3.79,3.79,3.79,3.79,10.49,10.49,-0.08,-0.08
JASMY/USDT,1281.55,7.27,pump_breakeven,False,B,23.0,34.0,17.0,8.9,0.03,581711.71,7.39,7.39,7.39,7.39,9.7,9.7,-0.92,-0.92
JASMY/USDT,-596.87,-3.03,pump_probe_kill,False,B,34.0,41.0,26.0,10.8,0.03,553215.86,-2.05,-2.02,-4.89,-2.86,1.23,2.01,-4.41,-5.34
USUAL/USDT,1558.46,2.58,pump_lock_2pct,True,B,23.0,25.0,19.0,13.8,0.37,168646.15,0.78,-0.67,3.77,4.82,3.5,7.19,-0.59,-2.01
VTHO/USDT,-1913.72,-9.76,pump_3h_down,False,B,24.0,23.0,25.0,28.0,0.01,3177504.2,-1.16,-5.2,-9.78,-9.78,2.43,2.43,-1.57,-9.78
QTUM/USDT,-1372.82,-7.05,pump_3h_down,False,B,27.0,23.0,25.0,106.0,3.59,5271.95,-3.22,-3.97,-7.03,-7.03,2.96,2.96,-4.95,-8.18
NEIRO/USDT,-548.4,-2.7,pump_probe_kill,False,B,30.0,21.0,21.0,5.8,0.0,29694136.64,4.43,0.24,-1.44,0.55,4.73,4.73,-1.39,-3.25
QTUM/USDT,-688.26,-3.49,pump_probe_kill,False,B,-11.0,22.0,17.0,2.0,3.42,5459.21,2.96,0.65,-0.55,1.35,3.72,4.75,-1.54,-1.6
MBOX/USDT,-1363.94,-7.84,pump_3h_down,False,B,21.0,26.0,26.0,57.1,0.13,135565.93,-0.77,-5.48,-7.79,-7.79,7.77,7.77,-3.4,-8.83
GMX/USDT,-319.39,-1.52,pump_3h_down,False,B,20.0,20.0,15.0,6.9,20.37,910.88,-0.39,-0.34,-1.28,-1.47,0.83,1.03,-1.62,-1.72
ME/USDT,-1581.75,-9.16,pump_3h_down,False,B,38.0,49.0,24.0,7.8,1.84,9181.68,-0.65,-5.48,-9.06,-9.06,2.5,2.5,-3.47,-10.26
RPL/USDT,478.81,2.85,pump_lock_2pct,False,B,26.0,37.0,27.0,28.6,7.78,2320.78,3.16,3.16,3.16,3.16,15.62,15.62,-2.75,-2.75
RPL/USDT,735.56,5.15,pump_lock_2pct,False,B,21.0,35.0,23.0,48.9,7.61,1953.33,4.94,4.94,4.94,4.94,11.51,11.51,-1.23,-1.23
RLC/USDT,-776.9,-4.09,pump_3h_down,False,B,14.0,21.0,14.0,9.8,1.45,12475.9,-2.8,-1.56,-3.76,-4.11,0.57,0.57,-3.28,-5.0
CAKE/USDT,-1581.33,-7.07,pump_3h_down,False,B,41.0,45.0,20.0,2.1,2.04,10692.49,1.77,-3.83,-4.91,-6.98,3.93,3.93,-3.39,-7.47
GMX/USDT,-1273.36,-5.64,pump_3h_down,False,B,42.0,42.0,21.0,4.3,24.53,889.51,-3.15,-2.74,-4.7,-5.55,0.28,1.46,-3.76,-6.57
AIXBT/USDT,-261.06,-1.28,pump_breakeven,False,B,6.0,28.0,19.0,2.4,0.3,59512.53,-1.26,-1.26,-1.26,-1.26,9.26,9.26,-5.43,-5.43
LISTA/USDT,2538.86,12.19,pump_lock_2pct,False,B,48.0,41.0,43.0,23.0,0.25,83535.88,12.25,12.25,12.25,12.25,14.3,14.3,-5.69,-5.69
COOKIE/USDT,-2036.72,-9.94,pump_3h_down,False,A,64.0,65.0,32.0,6.0,0.26,76425.01,-3.66,-7.31,-3.7,-6.67,2.46,2.46,-5.45,-8.03
LISTA/USDT,-908.97,-4.03,pump_probe_kill,False,B,65.0,57.0,61.0,34.0,0.28,75511.16,-4.79,-6.65,-3.59,-7.28,2.83,2.83,-6.4,-9.0
RPL/USDT,1020.33,8.49,pump_breakeven,False,B,89.0,42.0,31.0,4.0,10.71,1150.94,8.54,8.54,8.54,8.54,9.85,9.85,-0.24,-0.24
CAKE/USDT,398.39,0.77,pump_stagnation_exit,True,B,44.0,19.0,12.0,2.1,2.01,35115.55,-0.7,-1.3,-1.15,3.99,2.44,4.19,-2.39,-3.29
RPL/USDT,-303.69,-2.25,pump_stagnation_exit,False,B,105.0,51.0,38.0,5.8,11.63,1067.51,2.79,-3.06,-1.08,-3.32,4.08,4.08,-4.09,-4.09
DODO/USDT,3146.24,17.92,pump_lock_2pct,False,B,23.0,21.0,19.0,27.7,0.1,170442.85,-0.15,-2.06,-1.01,17.98,2.73,39.09,-2.45,-3.5
DODO/USDT,-2821.17,-8.3,pump_3h_down,False,A,51.0,42.0,23.0,14.0,0.12,269869.25,0.28,-4.11,0.44,-0.38,4.01,4.01,-1.76,-5.01
ZEN/USDT,-1198.22,-8.61,pump_3h_down,False,B,44.0,26.0,26.0,2.8,16.09,846.09,-3.41,-4.65,-8.63,-8.63,1.75,1.75,-5.02,-8.81
CAKE/USDT,-694.44,-0.75,pump_lock_2pct,True,B,38.0,24.0,13.0,4.6,2.44,29162.8,3.52,9.06,7.95,5.98,5.45,13.65,-2.39,-2.39
JUV/USDT,75.44,1.72,pump_breakeven,False,B,111.0,108.0,110.0,242.6,2.19,2260.81,1.87,1.87,1.87,1.87,9.3,9.3,-0.87,-0.87
JUV/USDT,-315.03,-6.32,pump_3h_down,False,B,115.0,114.0,116.0,264.5,2.23,2165.4,-7.98,-4.17,-2.74,-5.16,2.68,2.68,-10.4,-10.4
TRUMP/USDT,-4271.12,-6.73,pump_lock_2pct,True,B,32.0,26.0,23.0,4.9,20.88,2799.07,0.05,3.25,13.31,10.01,2.68,17.72,-3.35,-3.35
API3/USDT,-1072.51,-6.17,pump_3h_down,False,B,17.0,19.0,13.0,28.4,1.07,15746.17,1.26,-4.81,-6.96,-6.68,2.01,2.01,-1.82,-8.08
S/USDT,3418.12,5.31,pump_lock_2pct,True,A,50.0,22.0,16.0,2.0,0.89,75270.74,-4.42,-2.39,-2.34,-2.6,0.95,0.95,-4.65,-4.87
JTO/USDT,1254.62,7.5,pump_breakeven,False,B,23.0,21.0,19.0,42.2,3.2,5383.49,-0.49,7.58,7.58,7.58,0.64,9.34,-1.74,-1.74
JTO/USDT,-1173.99,-6.58,pump_3h_down,False,B,30.0,29.0,25.0,46.6,3.44,5039.04,-3.16,-4.41,-6.56,-6.56,1.64,1.64,-3.57,-6.56
AIXBT/USDT,-1377.91,-7.82,pump_probe_kill,False,B,23.0,22.0,21.0,2.4,0.23,75905.75,-2.39,-1.55,1.54,0.48,4.98,4.98,-4.24,-4.91
NEIRO/USDT,-1820.84,-10.38,pump_initial_stop,False,B,28.0,22.0,14.0,2.2,0.0,41005069.37,-1.96,-7.88,-7.3,-10.34,2.33,2.33,-2.82,-10.95
PNUT/USDT,1066.03,3.42,pump_lock_2pct,False,A,47.0,39.0,23.0,5.2,0.2,162093.81,1.27,3.72,15.96,9.54,1.66,22.37,-2.5,-2.5
TST/USDT,-2723.94,-3.6,pump_lock_2pct,True,A,48.0,38.0,37.0,9.1,0.11,584329.34,-3.58,-2.17,-1.37,4.1,2.33,7.19,-7.56,-7.56
CETUS/USDT,-689.6,-5.44,pump_3h_down,False,B,22.0,20.0,13.0,6.2,0.15,81731.73,-1.72,-0.85,-2.99,-5.32,-0.05,0.68,-3.25,-5.72
GLM/USDT,-40.18,-0.05,pump_lock_2pct,False,B,10.0,24.0,20.0,20.1,0.37,44865.5,0.03,0.03,0.03,0.03,16.21,16.21,-1.94,-1.94
LPT/USDT,-1233.13,-7.33,pump_3h_down,False,B,4.0,24.0,16.0,3.6,7.74,2117.47,-5.74,-5.71,-3.5,-6.22,-0.05,-0.05,-6.72,-7.86
REZ/USDT,-1731.8,-8.88,pump_3h_down,False,A,52.0,43.0,13.0,4.1,0.02,798608.32,-1.31,-7.58,-8.79,-8.79,5.35,5.35,-2.52,-9.55
KAITO/USDT,-2155.26,-2.89,pump_lock_2pct,True,B,37.0,20.0,17.0,2.3,2.1,30870.76,-5.09,-1.82,-2.5,2.08,3.71,3.71,-6.47,-6.47
IOTA/USDT,-2501.55,-13.16,pump_initial_stop,False,B,46.0,48.0,41.0,13.1,0.3,63119.67,-13.09,-13.09,-13.09,-13.09,3.49,3.49,-14.6,-14.6
ALGO/USDT,-316.13,-1.83,pump_probe_kill,False,B,26.0,24.0,19.0,7.6,0.3,52884.92,-1.61,-2.15,-1.07,-2.66,4.25,4.25,-2.62,-4.18
IOTA/USDT,-1169.79,-2.1,pump_stagnation_exit,True,B,26.0,30.0,23.0,24.2,0.26,194011.53,-0.32,1.58,1.07,1.54,0.65,3.63,-3.34,-3.34
YGG/USDT,-1210.41,-7.84,pump_3h_down,False,B,29.0,32.0,23.0,36.8,0.3,50737.22,-2.81,-4.49,-7.82,-7.82,0.39,0.39,-2.98,-8.19
KAITO/USDT,-727.63,-6.19,pump_3h_down,False,B,-18.0,27.0,27.0,5.0,1.94,5880.59,-6.36,-0.99,-4.3,-6.12,0.07,2.1,-7.04,-8.26
REZ/USDT,-782.96,-5.12,pump_3h_down,False,B,10.0,32.0,36.0,41.9,0.02,621779.16,-0.98,-1.11,-5.16,-5.16,1.93,3.96,-2.75,-6.85
MOVE/USDT,-708.71,-4.66,pump_3h_down,False,B,-0.0,26.0,16.0,5.3,0.5,29335.08,-0.81,-3.68,-4.59,-4.59,0.71,0.71,-2.76,-5.29
BANANA/USDT,-1050.14,-5.84,pump_initial_stop,False,B,37.0,76.0,60.0,16.1,18.63,934.08,-4.08,-5.79,-5.79,-5.79,6.28,6.28,-6.55,-12.13
BANANA/USDT,-737.91,-6.82,pump_3h_down,False,B,29.0,56.0,52.0,24.8,17.56,599.5,-4.38,-4.78,-6.83,-6.83,2.68,2.68,-5.57,-7.91
AUCTION/USDT,-549.3,-2.96,pump_probe_kill,False,B,63.0,40.0,28.0,2.8,26.56,655.09,-1.59,-1.07,1.53,-4.15,3.53,3.53,-3.81,-4.49
VIC/USDT,663.92,11.99,pump_lock_2pct,False,B,19.0,41.0,20.0,2.7,0.28,20172.81,12.19,12.19,12.19,12.19,14.51,14.51,-3.23,-3.23
VIC/USDT,567.54,9.95,pump_lock_2pct,False,B,35.0,59.0,33.0,3.3,0.31,18599.79,9.94,9.94,9.94,9.94,13.33,13.33,-6.15,-6.15
VANRY/USDT,-1313.41,-9.09,pump_3h_down,False,B,2.0,24.0,17.0,2.9,0.03,471438.66,-4.05,-5.71,-3.71,-3.05,4.28,4.28,-6.38,-7.05
VIC/USDT,-569.98,-1.4,pump_lock_2pct,True,A,64.0,90.0,58.0,6.2,0.38,90088.85,3.01,3.38,4.61,-3.17,5.65,7.83,-9.42,-9.9
SOLV/USDT,-230.94,-1.44,pump_3h_down,False,B,24.0,22.0,17.0,7.0,0.05,278071.1,2.09,-0.03,-0.13,-1.38,2.62,2.62,-3.24,-3.24
RARE/USDT,-1050.73,-7.3,pump_3h_down,False,B,-6.0,34.0,19.0,8.0,0.12,120263.78,-3.57,-3.65,-1.34,-5.54,1.15,1.15,-5.11,-6.74
BANANA/USDT,-2546.75,-8.97,pump_3h_down,False,A,55.0,29.0,28.0,4.6,18.93,1468.51,-4.96,-5.76,-9.08,-9.08,5.66,5.66,-7.55,-9.93
PNUT/USDT,-495.92,-3.45,pump_3h_down,False,B,26.0,24.0,14.0,3.7,0.21,64193.24,-1.46,-2.45,-3.44,-3.44,1.74,1.74,-1.75,-3.73
ZRO/USDT,869.92,6.7,pump_lock_2pct,False,B,25.0,19.0,15.0,11.0,2.04,6557.38,6.7,6.7,6.7,6.7,11.3,11.3,-0.49,-0.49
SPELL/USDT,-341.86,-2.33,pump_3h_down,False,B,32.0,27.0,20.0,7.1,0.0,17440958.99,-1.42,-1.85,-2.21,-2.21,0.71,1.16,-1.66,-3.61
RED/USDT,-834.61,-3.3,pump_3h_down,False,A,46.0,53.0,20.0,2.9,0.85,28199.01,0.06,-2.32,-3.11,-3.2,2.21,3.15,-1.41,-7.15
CAKE/USDT,1495.29,5.8,pump_lock_2pct,False,A,51.0,35.0,15.0,8.7,2.44,10956.7,3.48,2.12,5.81,5.81,4.87,10.33,-2.31,-2.31
1000CHEEMS/USDT,774.73,6.01,pump_lock_2pct,False,B,26.0,19.0,17.0,26.2,0.0,11333393.85,1.73,3.51,5.21,6.06,2.5,10.05,-6.5,-6.5
NMR/USDT,-1692.32,-10.11,pump_initial_stop,False,B,47.0,50.0,44.0,44.9,12.89,1275.58,-10.14,-10.14,-10.14,-10.14,3.21,3.21,-11.46,-11.46
API3/USDT,2867.95,21.55,pump_lock_2pct,False,B,27.0,26.0,24.0,22.8,0.75,17868.87,-4.44,21.61,21.61,21.61,0.75,31.58,-7.89,-7.89
NMR/USDT,-1477.49,-9.03,pump_3h_down,False,B,37.0,42.0,35.0,59.6,11.98,1337.94,-6.73,-6.15,-8.32,-8.98,0.2,0.2,-7.48,-9.65
API3/USDT,-1861.75,-11.13,pump_3h_down,False,B,53.0,54.0,51.0,78.3,0.92,17971.71,-4.09,-3.98,-6.17,-10.97,2.46,4.54,-8.79,-12.18
ACX/USDT,-611.92,-5.05,pump_3h_down,False,B,39.0,24.0,15.0,11.9,0.36,32643.56,-0.72,-1.48,-5.03,-5.03,1.85,1.85,-3.21,-5.9
DOGS/USDT,-1312.54,-7.99,pump_3h_down,False,B,36.0,19.0,13.0,5.1,0.0,84421254.62,2.69,2.74,-3.21,-5.57,4.95,5.16,-0.1,-6.94
API3/USDT,956.76,6.25,pump_lock_2pct,False,B,42.0,42.0,38.0,13.1,1.23,12894.45,1.42,6.3,6.3,6.3,4.91,13.95,-1.03,-1.03
UMA/USDT,-553.91,-3.99,pump_3h_down,False,B,21.0,26.0,19.0,32.3,1.57,8442.88,3.01,-0.37,-2.67,-4.07,7.74,7.74,-1.96,-4.26
API3/USDT,-2431.53,-9.0,pump_3h_down,False,A,63.0,56.0,26.0,11.0,1.35,19631.1,-0.5,-1.46,-0.94,-4.87,1.88,1.88,-2.57,-5.84
UMA/USDT,-442.36,-3.22,pump_probe_kill,False,B,17.0,19.0,13.0,39.7,1.51,8598.74,-1.64,-3.64,-2.31,-2.18,0.75,0.75,-2.84,-4.03
ZRX/USDT,-944.43,-7.24,pump_3h_down,False,B,21.0,20.0,23.0,39.8,0.32,39810.07,-3.24,-5.65,-7.16,-7.16,0.86,0.86,-4.09,-7.6
ANKR/USDT,-705.35,-5.35,pump_3h_down,False,B,29.0,29.0,29.0,178.4,0.02,552254.44,3.73,-1.48,-3.48,-5.31,6.94,6.94,-1.22,-5.65
AIXBT/USDT,35.43,0.28,pump_lock_2pct,True,B,22.0,20.0,14.0,7.1,0.12,337039.04,4.48,9.57,8.44,4.56,6.99,12.57,-0.05,-0.05
FORM/USDT,-151.11,-0.81,pump_probe_kill,False,B,35.0,22.0,18.0,2.7,2.52,5944.08,0.86,-0.54,-1.9,-1.71,2.55,2.55,-1.65,-3.99
HIVE/USDT,-631.28,-4.88,pump_3h_down,False,B,18.0,20.0,15.0,31.5,0.28,44725.22,0.02,1.53,-1.06,-3.18,5.23,5.23,-2.56,-4.22
COMP/USDT,-1013.25,-9.61,pump_3h_down,False,B,27.0,33.0,28.0,91.4,51.39,201.17,2.58,-4.92,-6.76,-9.55,6.14,6.14,-1.53,-10.31
ARK/USDT,-553.05,-4.34,pump_3h_down,False,B,22.0,19.0,18.0,2.3,0.36,34028.67,-2.25,-2.81,-4.34,-4.34,2.07,2.07,-2.98,-5.07
PENDLE/USDT,-399.18,-3.1,pump_3h_down,False,B,28.0,23.0,13.0,2.0,3.4,3562.62,1.07,0.48,-0.67,-1.58,1.33,1.74,-0.11,-2.23
RENDER/USDT,-260.58,-1.95,pump_3h_down,False,B,21.0,19.0,15.0,2.3,3.4,3564.72,1.07,0.51,1.04,-0.58,1.3,2.27,-0.87,-0.87
LISTA/USDT,-467.03,-3.69,pump_stagnation_exit,False,B,18.0,25.0,24.0,5.8,0.15,79933.16,-7.23,-6.7,-5.3,-4.04,-0.05,2.41,-7.63,-7.63
GUN/USDT,-1142.21,-2.55,pump_lock_2pct,True,B,12.0,18.0,20.0,2.2,0.05,777753.26,-0.26,0.94,6.76,5.19,6.3,9.77,-2.55,-2.55
JASMY/USDT,805.42,3.62,pump_breakeven,False,A,61.0,30.0,19.0,2.3,0.02,1438310.18,3.74,3.74,3.74,3.74,8.38,8.38,-3.41,-3.41
JASMY/USDT,-1456.14,-5.92,pump_3h_down,False,A,65.0,29.0,19.0,3.6,0.02,1400869.44,-3.52,-5.82,-5.94,-5.94,2.42,2.42,-3.99,-7.41
1000CAT/USDT,-941.27,-6.42,pump_3h_down,False,B,35.0,26.0,22.0,10.1,0.01,2307638.65,-4.27,-5.73,-6.38,-6.38,1.25,1.25,-5.08,-7.03
API3/USDT,-859.88,-7.8,pump_3h_down,False,B,21.0,28.0,30.0,17.2,0.93,11512.07,-4.33,-4.76,-7.86,-7.86,0.7,0.7,-4.97,-8.18
CVC/USDT,-1228.77,-11.51,pump_initial_stop,False,B,17.0,20.0,15.0,5.1,0.11,92952.26,-11.56,-11.56,-11.56,-11.56,6.24,6.24,-11.74,-11.74
ARK/USDT,-2171.8,-5.1,pump_lock_2pct,True,B,25.0,25.0,14.0,4.4,0.43,88635.25,3.33,10.01,7.96,10.36,7.91,13.09,-2.78,-2.78
IQ/USDT,-3125.61,-15.94,pump_stagnation_exit,False,A,52.0,60.0,21.0,10.4,0.01,3372197.11,3.86,0.4,4.63,-3.58,5.06,5.97,-1.37,-4.35
BIGTIME/USDT,-1834.64,-4.82,pump_stagnation_exit,True,B,13.0,28.0,16.0,16.0,0.08,481448.66,-0.42,0.73,1.17,0.69,1.92,1.92,-1.03,-1.45
T/USDT,532.4,4.57,pump_lock_2pct,False,B,47.0,43.0,39.0,21.2,0.02,581422.3,4.58,4.58,4.58,4.58,12.45,12.45,-2.48,-2.48
MEME/USDT,402.8,4.14,pump_lock_2pct,False,B,29.0,38.0,39.0,21.1,0.0,5107600.58,4.19,4.19,4.19,4.19,14.02,14.02,-3.34,-3.34
T/USDT,330.67,3.65,pump_lock_2pct,False,B,47.0,42.0,33.0,43.7,0.02,455627.24,2.76,2.57,3.71,3.71,4.18,10.32,-2.76,-2.76
MEME/USDT,-699.31,-6.61,pump_3h_down,False,B,35.0,44.0,44.0,29.3,0.0,4922643.19,-3.64,-6.27,-6.61,-6.61,1.67,1.67,-4.41,-8.81
GMT/USDT,7.0,0.27,pump_breakeven,False,B,18.0,25.0,22.0,16.2,0.05,188624.21,0.13,0.13,0.13,0.13,9.54,9.54,-1.71,-1.71
MEME/USDT,-554.42,-6.75,pump_3h_down,False,B,27.0,36.0,29.0,29.7,0.0,4086786.59,-0.92,-3.12,-6.76,-6.76,4.66,4.66,-3.84,-7.53
WAXP/USDT,-1893.02,-9.13,pump_3h_down,False,A,49.0,39.0,29.0,5.7,0.03,687210.55,-4.92,-5.66,-9.08,-9.08,2.15,2.15,-8.03,-9.35
HIGH/USDT,646.15,7.98,pump_lock_2pct,False,B,32.0,34.0,29.0,38.0,0.48,17232.63,7.83,7.83,7.83,7.83,10.53,10.53,-3.58,-3.58
HIGH/USDT,677.93,6.99,pump_breakeven,False,B,44.0,44.0,39.0,45.0,0.52,19160.5,-1.58,7.05,7.05,7.05,3.6,8.2,-4.65,-4.85
MEME/USDT,-873.79,-5.87,pump_probe_kill,False,A,47.0,50.0,14.0,3.0,0.0,6654849.7,-3.52,-6.52,-3.28,0.64,0.6,1.2,-4.72,-7.21
HIGH/USDT,-590.06,-12.18,pump_3h_down,False,B,89.0,83.0,28.0,3.7,0.67,7118.7,-8.7,-10.94,-12.13,-12.13,2.04,2.04,-9.45,-12.43
MBOX/USDT,522.56,5.46,pump_lock_2pct,False,B,28.0,25.0,15.0,3.3,0.05,204889.17,-2.94,2.84,5.51,5.51,4.07,17.05,-5.0,-5.0
MAGIC/USDT,-621.94,-8.75,pump_initial_stop,False,B,87.0,78.0,70.0,46.2,0.13,51896.19,0.4,-2.89,-8.71,-8.71,7.34,7.34,-3.63,-10.5
HIGH/USDT,-438.81,-2.98,pump_probe_kill,False,A,67.0,59.0,17.0,3.9,0.59,23414.0,-3.44,-4.8,-0.9,-4.8,0.12,7.93,-4.29,-6.16
WCT/USDT,-5.09,0.18,pump_lock_2pct,True,B,15.0,40.0,26.0,3.7,0.48,68361.43,2.15,4.81,5.48,9.74,3.88,16.39,-0.05,-0.05
ARK/USDT,-1293.91,-3.66,pump_stagnation_exit,True,B,-1.0,18.0,17.0,11.5,0.53,62967.09,0.29,-0.14,-0.6,1.39,2.22,2.22,-2.97,-2.97
MAGIC/USDT,18530.63,62.78,pump_trailing_stop,True,B,70.0,62.0,34.0,31.5,0.12,228131.52,-5.12,2.24,7.63,10.08,1.67,13.93,-5.28,-5.36
SKL/USDT,695.61,5.83,pump_breakeven,False,B,29.0,22.0,16.0,4.0,0.03,485941.48,6.01,6.01,6.01,6.01,8.48,8.48,-6.42,-6.42
ENJ/USDT,-176.4,-0.65,pump_breakeven,False,A,72.0,65.0,20.0,3.5,0.11,190783.67,-3.46,-2.35,0.23,-0.6,2.62,9.07,-5.76,-5.76
SKL/USDT,-765.37,-4.92,pump_probe_kill,False,B,36.0,30.0,23.0,10.8,0.03,555082.41,-3.28,-3.58,1.51,-3.32,7.97,7.97,-4.21,-5.8
PIXEL/USDT,2827.76,11.7,pump_lock_2pct,False,A,61.0,34.0,29.0,6.0,0.04,580021.75,11.8,11.8,11.8,11.8,16.61,16.61,-8.09,-8.09
MAGIC/USDT,-508.31,-12.88,pump_3h_down,False,B,265.0,101.0,42.0,2.2,0.28,14130.25,3.11,-2.7,-5.39,-12.8,5.51,5.51,-6.77,-15.67
PIXEL/USDT,314.53,2.32,pump_lock_2pct,False,A,81.0,49.0,46.0,14.1,0.05,312648.95,2.35,2.35,2.35,2.35,10.74,10.74,-3.23,-3.23
TURBO/USDT,3125.83,12.83,pump_lock_2pct,False,A,52.0,36.0,24.0,3.8,0.0,8134365.57,4.28,0.97,-3.46,-4.74,7.4,7.73,-0.84,-4.94
IMX/USDT,-146.39,-1.19,pump_breakeven,False,B,36.0,38.0,15.0,1.8,0.64,16430.6,-1.3,-3.64,-3.02,2.6,3.07,3.23,-3.02,-4.89
TURBO/USDT,836.44,11.12,pump_lock_2pct,False,B,89.0,71.0,18.0,2.7,0.0,1887539.37,0.86,0.49,1.67,11.1,4.92,12.16,-3.08,-3.08
ACT/USDT,-976.86,-8.91,pump_3h_down,False,B,33.0,47.0,18.0,2.5,0.08,131404.45,0.32,-5.56,-5.68,-8.99,3.99,3.99,-3.11,-9.24
BIO/USDT,-1044.12,-1.78,pump_lock_2pct,True,B,42.0,24.0,22.0,7.6,0.07,771520.86,-1.72,0.86,0.86,0.56,1.16,2.38,-2.63,-3.39
EGLD/USDT,-901.27,-5.59,pump_3h_down,False,B,38.0,24.0,20.0,11.7,19.12,815.07,0.32,-1.93,-4.23,-5.59,4.6,4.6,-2.09,-6.64
PENGU/USDT,625.03,2.63,pump_breakeven,False,A,69.0,31.0,15.0,4.2,0.01,3057205.88,2.65,2.65,2.65,2.65,8.85,8.85,-0.42,-0.42
EGLD/USDT,-320.57,-2.3,pump_3h_down,False,B,30.0,20.0,12.0,22.6,18.2,706.15,-0.82,0.22,-1.26,0.55,0.99,0.99,-2.03,-2.03
CETUS/USDT,-3271.11,-10.39,pump_initial_stop,True,B,101.0,49.0,10.0,2.2,0.21,142614.63,0.9,4.25,0.09,-0.57,3.45,6.38,-2.04,-2.32
BIO/USDT,-1113.19,-8.78,pump_probe_kill,False,B,28.0,23.0,16.0,4.2,0.08,147617.31,-7.31,-7.07,-8.62,-8.02,0.66,0.66,-9.09,-9.45
BONK/USDT,-811.73,-6.44,pump_stagnation_exit,False,B,31.0,23.0,21.0,4.9,0.0,620958138.16,5.07,2.64,0.96,-1.88,5.48,6.55,-1.88,-2.18
WLD/USDT,-17.95,0.16,pump_stagnation_exit,True,B,35.0,27.0,18.0,3.1,1.15,42401.65,2.03,0.73,1.77,0.9,3.67,3.85,-1.7,-1.7
PUNDIX/USDT,-1259.99,-2.88,pump_stagnation_exit,True,B,24.0,29.0,27.0,16.2,0.37,108062.68,-3.23,-1.98,-1.84,4.1,2.17,7.04,-4.73,-4.73
PIVX/USDT,-839.76,-8.01,pump_3h_down,False,B,46.0,61.0,41.0,37.8,0.22,46837.29,3.43,-0.19,-6.27,-7.92,5.12,5.9,-1.83,-9.39
COOKIE/USDT,272.46,2.45,pump_lock_2pct,False,B,17.0,26.0,13.0,3.8,0.15,79295.5,-0.44,2.24,4.86,3.62,3.75,7.94,-1.88,-2.86
SHELL/USDT,-883.18,-6.03,pump_3h_down,False,B,36.0,26.0,18.0,3.6,0.23,62360.05,-2.47,-3.26,-2.9,-4.88,1.44,1.44,-7.52,-7.52
BB/USDT,217.67,0.74,pump_stagnation_exit,True,B,15.0,19.0,13.0,5.3,0.13,299527.46,-0.28,1.7,0.33,-0.2,0.78,2.91,-1.34,-1.34
IO/USDT,1341.82,11.64,pump_lock_2pct,False,B,18.0,20.0,14.0,19.7,0.87,13520.53,1.91,11.7,11.7,11.7,3.29,18.49,-4.2,-4.2
PENGU/USDT,-631.49,-1.47,pump_stagnation_exit,True,B,29.0,23.0,20.0,2.7,0.01,2686999.43,0.18,1.51,-0.43,-0.3,1.71,2.6,-1.42,-2.21
IO/USDT,-717.39,-5.25,pump_probe_kill,False,B,36.0,33.0,27.0,29.7,0.97,13577.88,-4.48,-6.54,-6.34,-7.06,0.98,0.98,-5.2,-9.12
ETHFI/USDT,-325.89,-2.12,pump_probe_kill,False,B,44.0,45.0,22.0,5.2,0.74,18946.71,-3.96,-3.83,-4.91,-4.23,3.73,3.73,-5.31,-5.98
PNUT/USDT,1185.6,3.17,pump_stagnation_exit,True,B,29.0,37.0,20.0,6.1,0.21,187024.18,-0.48,-0.63,1.25,4.43,0.38,4.67,-2.7,-2.7
EIGEN/USDT,-353.26,-2.3,pump_3h_down,False,B,40.0,48.0,21.0,4.7,1.13,12455.65,-4.73,-4.81,-0.49,-0.4,4.8,4.8,-5.08,-5.78
VIRTUAL/USDT,-843.74,-6.92,pump_3h_down,False,B,26.0,50.0,18.0,2.3,2.09,5676.05,-1.47,-0.85,-2.67,-6.88,0.31,0.31,-3.2,-7.45
NEIRO/USDT,903.87,2.1,pump_breakeven,True,B,50.0,51.0,16.0,4.3,0.0,148261309.66,-3.7,-2.68,4.44,3.23,2.88,6.84,-4.08,-4.81
PEPE/USDT,-509.11,-5.7,pump_3h_down,False,B,69.0,46.0,22.0,2.7,0.0,645249251.29,-0.8,-1.69,-5.58,-5.58,1.97,1.97,-4.53,-6.55
PEPE/USDT,-277.07,-1.76,pump_stagnation_exit,False,A,65.0,39.0,14.0,4.1,0.0,1119121339.18,1.06,1.53,-1.47,-0.92,1.93,2.72,-3.45,-4.56
PNUT/USDT,26456.34,53.21,pump_trailing_stop,True,B,52.0,49.0,13.0,2.4,0.24,190125.6,2.08,5.4,10.68,11.46,3.14,22.84,-0.34,-0.34
MUBARAK/USDT,2360.19,8.7,pump_lock_2pct,False,A,75.0,46.0,19.0,2.4,0.05,611795.41,8.76,8.76,8.76,8.76,20.86,20.86,-0.05,-0.05
BROCCOLI714/USDT,-1669.49,-5.13,pump_initial_stop,False,A,55.0,35.0,20.0,3.2,0.04,754948.42,-5.08,-5.08,-5.08,-5.08,4.5,4.5,-17.56,-17.56
MUBARAK/USDT,3215.12,21.54,pump_lock_2pct,False,A,84.0,58.0,30.0,2.7,0.05,305162.83,21.6,21.6,21.6,21.6,27.06,27.06,-0.05,-0.05
1000CAT/USDT,2157.51,7.04,pump_breakeven,False,A,70.0,40.0,23.0,3.5,0.01,3222177.49,7.2,7.2,7.2,7.2,9.85,9.85,-2.7,-2.7
MUBARAK/USDT,-1073.59,-11.4,pump_lock_2pct,False,B,124.0,89.0,53.0,3.9,0.06,154028.1,-11.19,-11.19,-11.19,-11.19,19.74,19.74,-16.18,-16.18
1000CAT/USDT,1030.05,5.61,pump_lock_2pct,False,A,82.0,49.0,26.0,3.8,0.01,1814645.48,5.86,5.86,5.86,5.86,23.01,23.01,-1.77,-1.77
AUCTION/USDT,-528.83,-2.99,pump_probe_kill,False,B,30.0,19.0,15.0,3.7,14.17,1170.33,5.88,0.44,-2.03,-4.21,6.23,7.79,-0.97,-5.2
VELODROME/USDT,-690.02,-3.27,pump_probe_kill,False,B,56.0,39.0,11.0,6.1,0.08,263046.37,-5.87,-5.47,-3.22,-5.34,4.05,4.05,-7.98,-8.25
XAI/USDT,1660.08,7.71,pump_breakeven,False,A,74.0,44.0,12.0,3.7,0.09,243522.2,-2.8,7.66,7.66,7.66,2.04,8.21,-4.45,-4.45
1MBABYDOGE/USDT,-3204.09,-9.58,pump_3h_down,False,A,58.0,30.0,20.0,2.5,0.0,16722710.95,-1.52,-4.64,-3.21,-8.53,5.44,5.44,-2.47,-8.62
KAITO/USDT,1654.52,10.45,pump_lock_2pct,False,B,24.0,23.0,18.0,2.9,1.66,9729.33,10.51,10.51,10.51,10.51,12.34,12.34,-1.22,-1.22
KAITO/USDT,-2133.5,-2.99,pump_stagnation_exit,True,B,38.0,31.0,26.0,4.5,1.84,35742.2,2.8,3.18,2.14,1.84,7.85,7.85,-0.59,-0.59
OP/USDT,-559.14,-5.45,pump_3h_down,False,B,51.0,21.0,12.0,4.0,0.92,10821.02,-0.71,0.82,0.17,1.04,2.24,4.21,-1.36,-1.36
RUNE/USDT,-251.51,-2.39,pump_probe_kill,False,B,39.0,19.0,15.0,2.8,2.01,4840.13,2.34,1.49,-2.49,-2.39,2.78,3.58,-1.54,-3.38
ACT/USDT,-1087.83,-11.07,pump_initial_stop,False,B,31.0,39.0,14.0,2.9,0.08,114026.43,-7.01,-11.02,-11.02,-11.02,4.79,4.79,-8.55,-13.38
ETHFI/USDT,29090.09,39.47,pump_trailing_stop,True,A,71.0,22.0,12.0,2.9,0.88,74984.62,5.17,19.14,31.3,26.64,7.33,36.86,-1.75,-1.75
PEOPLE/USDT,3392.5,8.75,pump_lock_2pct,False,A,56.0,50.0,22.0,10.5,0.03,1200305.29,8.8,8.8,8.8,8.8,10.49,10.49,-0.26,-0.26
BOME/USDT,-334.71,-3.39,pump_probe_kill,False,B,51.0,40.0,24.0,4.2,0.0,2982323.38,-1.3,2.73,-1.55,-3.88,0.08,3.37,-3.6,-4.04
PEOPLE/USDT,-1793.6,-8.45,pump_3h_down,False,B,65.0,61.0,13.0,3.8,0.04,591800.22,-2.36,-0.42,-5.72,-8.35,2.43,2.43,-3.02,-10.49
LQTY/USDT,-1808.36,-1.99,pump_stagnation_exit,True,B,35.0,29.0,11.0,5.4,1.2,68858.28,-2.55,-3.55,-2.47,-1.89,2.2,2.2,-2.8,-5.14
1000SATS/USDT,-1839.09,-11.37,pump_initial_stop,False,B,38.0,48.0,26.0,8.7,0.0,216151449.93,-4.53,-3.31,-11.32,-11.32,0.9,0.9,-4.94,-12.82
NEIRO/USDT,1097.38,5.74,pump_breakeven,False,B,-7.0,25.0,17.0,2.2,0.0,37275850.03,5.78,5.78,5.78,5.78,8.43,8.43,-0.11,-0.11
PNUT/USDT,-690.85,-3.29,pump_3h_down,False,B,-2.0,21.0,15.0,2.9,0.35,56462.07,1.35,-0.14,-0.31,-3.24,3.57,3.57,-0.65,-3.64
BB/USDT,-1267.75,-6.45,pump_3h_down,False,B,20.0,28.0,15.0,8.7,0.2,97767.26,-2.0,-3.84,-6.35,-6.35,0.62,0.62,-3.02,-7.37
NEIRO/USDT,44.1,0.26,pump_lock_2pct,True,B,-8.0,37.0,25.0,2.9,0.0,118581795.89,-2.89,-0.76,-2.03,-1.09,2.72,2.72,-5.08,-5.08
COOKIE/USDT,-1856.87,-7.66,pump_3h_down,False,B,37.0,51.0,19.0,3.9,0.22,105216.9,-2.59,-4.23,-7.71,-7.71,4.05,4.05,-5.75,-9.22
COW/USDT,-1243.46,-6.12,pump_3h_down,False,B,31.0,27.0,27.0,5.9,0.49,40073.96,-1.9,-1.72,-3.98,-6.05,0.3,0.93,-3.51,-6.34
1000SATS/USDT,-900.17,-4.49,pump_3h_down,False,B,28.0,23.0,12.0,2.7,0.0,312508580.13,-0.7,-1.84,-4.44,-4.44,1.09,1.09,-2.16,-4.76
LISTA/USDT,-421.44,-0.9,pump_lock_2pct,False,A,67.0,48.0,52.0,14.5,0.3,128082.23,3.27,-0.92,-0.92,-0.92,3.97,10.48,-6.72,-6.72
LISTA/USDT,-2142.88,-9.19,pump_initial_stop,False,B,78.0,61.0,50.0,33.9,0.31,73150.64,-9.14,-9.14,-9.14,-9.14,0.21,0.21,-11.0,-11.0
ANIME/USDT,-1136.29,-1.55,pump_stagnation_exit,True,B,16.0,18.0,16.0,4.2,0.03,2326795.19,-2.08,0.71,0.46,1.94,3.9,3.9,-2.22,-2.48
LISTA/USDT,638.17,1.18,pump_stagnation_exit,True,B,63.0,49.0,28.0,28.3,0.28,227870.82,-0.3,-0.47,0.02,-0.68,2.38,4.74,-1.04,-3.99
COOKIE/USDT,-1651.12,-3.62,pump_breakeven,True,B,86.0,39.0,23.0,2.1,0.27,153428.86,-2.13,-1.0,0.83,2.21,-0.01,4.18,-4.91,-4.91
WLD/USDT,-412.74,-2.01,pump_breakeven,False,B,35.0,26.0,19.0,3.7,1.52,12320.04,4.7,6.28,3.51,1.86,5.03,8.72,-1.5,-1.5
KERNEL/USDT,-1927.55,-8.57,pump_initial_stop,False,B,48.0,37.0,32.0,6.5,0.22,98646.19,-2.92,-1.8,-8.44,-8.44,3.09,3.09,-7.54,-10.1
LISTA/USDT,-774.28,-4.1,pump_3h_down,False,B,9.0,20.0,17.0,2.6,0.31,58167.72,-0.37,-1.24,-0.6,-1.37,2.37,2.79,-1.08,-2.95
COOKIE/USDT,-7107.87,-11.36,pump_stagnation_exit,True,B,24.0,19.0,21.0,2.3,0.35,173212.03,1.48,3.64,5.05,3.35,4.53,6.17,-0.91,-0.91
TRB/USDT,-1927.46,-5.52,pump_probe_kill,False,A,73.0,66.0,24.0,5.9,53.44,630.74,-3.01,-3.83,-3.12,-1.12,0.74,0.74,-7.95,-7.95
WCT/USDT,-1620.02,-2.18,pump_stagnation_exit,True,B,43.0,43.0,23.0,4.8,0.93,72806.8,-2.43,-0.58,-1.07,1.04,0.4,5.67,-7.57,-7.57
